question,document
How do I make an account on your website?,qDNpG85o
Where do I click to sign up for a new account?,qDNpG85o
What’s the easiest way to register on your site?,qDNpG85o
Can you tell me how to create an account online?,qDNpG85o
How do I complete the account registration process?,qDNpG85o
What payment options can I use when placing an online order?,2mJCxUVM
"Do you take credit cards, debit cards, and PayPal?",2mJCxUVM
Can I pay for my order with PayPal?,2mJCxUVM
Which card types are accepted for checkout?,2mJCxUVM
Are debit cards accepted as a payment method online?,2mJCxUVM
How do I find the tracking info for my order after I log in?,LOdDd5N3
Where can I see my shipment tracking details in my account?,LOdDd5N3
Is there a place in Order History where I can track my package?,LOdDd5N3
What do I need to do to check the status of my order online?,LOdDd5N3
How can I view my order tracking information from my account?,LOdDd5N3
How long do I have to return an item for a full refund?,vxC9JJ39
Can I send back a product if it’s still in the original packaging?,vxC9JJ39
What condition does the item need to be in to qualify for a return?,vxC9JJ39
Where can I find the instructions for making a return?,vxC9JJ39
Do you accept returns after 30 days from the date of purchase?,vxC9JJ39
Can I still cancel my order before it ships?,SrEfuZvN
How do I cancel an order I just placed?,SrEfuZvN
Who should I contact to cancel my order?,SrEfuZvN
What order details do you need for a cancellation request?,SrEfuZvN
Is it too late to cancel if my order has already shipped?,SrEfuZvN
How many days does standard shipping usually take?,NDmNmTdj
What’s the delivery time for express shipping?,NDmNmTdj
Does shipping speed change based on where it’s going?,NDmNmTdj
How long should I expect my order to take if I pick standard delivery?,NDmNmTdj
Is express shipping really 1-2 business days?,NDmNmTdj
"Do you ship outside the country, and if so, which countries do you deliver to?",OQ1RUfJr
How can I check whether international shipping is available for my address?,OQ1RUfJr
Will the shipping fee be shown before I place an order if I'm overseas?,OQ1RUfJr
Does checkout calculate international delivery costs automatically based on where I live?,OQ1RUfJr
Are there any limits on which locations you can ship to internationally?,OQ1RUfJr
What do I need to do if my package gets lost in transit?,T7oEJmKa
Who should I contact if my order arrives damaged?,T7oEJmKa
"If a package goes missing or is damaged, how do I report it?",T7oEJmKa
What happens if my shipment is lost or damaged during delivery?,T7oEJmKa
Do I need to reach out to support right away if my package is damaged?,T7oEJmKa
How can I update my shipping address after I’ve already placed an order?,GGIkGgdn
Is it still possible to change the delivery address once my order is in?,GGIkGgdn
What should I do if I entered the wrong shipping address on my order?,GGIkGgdn
Can customer support help me change my address before my package ships?,GGIkGgdn
Will my shipping address be updated if I contact you soon after ordering?,GGIkGgdn
What’s the best way to get in touch with customer support if I have an issue?,MQAE6dna
Do you have a phone number or email I can use to contact support?,MQAE6dna
When is your customer service team available to help with questions?,MQAE6dna
How can I reach support if I need help with an order or other problem?,MQAE6dna
Is there a way to contact your support team outside of working hours?,MQAE6dna
"Do you provide gift wrapping for orders, and is there an extra charge?",nVIMH2Hu
Can I add gift wrapping when I check out?,nVIMH2Hu
Is gift wrapping available if I want to send something as a present?,nVIMH2Hu
How do I choose the gift wrap option during checkout?,nVIMH2Hu
Does your store charge a fee for gift wrapping my order?,nVIMH2Hu
Do you price match if I find the same item cheaper on another website?,pQerwgGR
What do I need to send you to request a price match?,pQerwgGR
Will you match an identical product from a competitor's online store?,pQerwgGR
Who should I contact about getting a lower price honored?,pQerwgGR
Does your price matching apply to products sold on competitor websites?,pQerwgGR
"Can I place an order over the phone, or do I need to use the website?",WjdX35YM
Why don't you accept phone orders?,WjdX35YM
Is there any way to order without going online?,WjdX35YM
How should I complete my order if phone ordering isn't available?,WjdX35YM
Do you only take orders through your website?,WjdX35YM
How secure are my personal and payment details when I shop here?,ReZBFLXz
Do you use encryption to protect my payment information?,ReZBFLXz
What steps do you take to keep my personal details safe?,ReZBFLXz
Can I trust that my checkout and payment info are protected?,ReZBFLXz
What security measures are in place for customer data and payments?,ReZBFLXz
Do you offer a price adjustment if something I bought goes on sale a few days later?,a5GtrKth
How long after my purchase can I ask for a price adjustment?,a5GtrKth
Is there a limit to how many times I can request a price match or adjustment?,a5GtrKth
What info do I need to give customer support to get a price adjustment?,a5GtrKth
Who do I contact to request a refund for the difference if my item drops in price?,a5GtrKth
Do you offer a loyalty program for customers?,2YfiKrhi
How does your points rewards program work?,2YfiKrhi
Can I earn points when I place an order with you?,2YfiKrhi
What can I use my loyalty points for?,2YfiKrhi
Where do I sign up for your customer rewards program?,2YfiKrhi
"Do I have to make an account before I can place an order, or is guest checkout allowed?",7VOpywBa
Can I buy as a guest without registering first?,7VOpywBa
Is an account required to order from your store?,7VOpywBa
What are the benefits of creating an account instead of checking out as a guest?,7VOpywBa
"If I order without an account, will I still be able to track my order easily?",7VOpywBa
Do you give bulk or wholesale discounts on any of your products?,kZytRxiL
How can I find out if a product qualifies for wholesale pricing?,kZytRxiL
Who should I contact to ask about bulk order discounts?,kZytRxiL
Is there a wholesale page where I can see discount details and requirements?,kZytRxiL
Can you help me with pricing for a large order?,kZytRxiL
How can I change or cancel an item after placing my order?,ztV57ROG
Who should I contact if I want to cancel part of my order?,ztV57ROG
Is it possible to edit an item in my order after checkout?,ztV57ROG
What should I do if I need to cancel something from my order right away?,ztV57ROG
Can customer support help me make changes to an order I already placed?,ztV57ROG
Where do I go on the site if I want to write a review for something I bought?,4riZFS2i
How do I submit feedback and a rating for a product on your website?,4riZFS2i
Is there a button I need to click to leave a review on the product page?,4riZFS2i
"Can I review a product directly from its page, and if so, how?",4riZFS2i
What’s the easiest way to share my experience with a product and give it a rating?,4riZFS2i
"Can I stack more than one promo code on the same order, or is it just one per purchase?",SXQZQIdX
How many promo codes can I use at checkout on a single order?,SXQZQIdX
"If I have two discount codes, can I apply both when I’m placing an order?",SXQZQIdX
Where do I enter a promo code during checkout so it gets applied to my order?,SXQZQIdX
"Is there a limit to using coupon codes on one purchase, and how do I apply it?",SXQZQIdX
What do I need to do if my order arrives with the wrong item?,A6bYU5eo
Who should I contact when I receive an incorrect item in my package?,A6bYU5eo
Will you send me the correct product if I got the wrong one?,A6bYU5eo
"Do I need to return the wrong item myself, or will support help with that?",A6bYU5eo
How quickly should I reach out if the item in my order is not what I ordered?,A6bYU5eo
Do you have expedited shipping for faster delivery?,Wg90JUqN
Can I choose a faster shipping option at checkout?,Wg90JUqN
How do I select expedited shipping when I place an order?,Wg90JUqN
Is expedited shipping available for all orders?,Wg90JUqN
What shipping methods do you offer if I need my order sooner?,Wg90JUqN
"Can I still buy something that’s out of stock, or do I have to wait?",WmwaiVVI
What should I do if the item I want is sold out right now?,WmwaiVVI
Is there a way to get notified when an out-of-stock product comes back?,WmwaiVVI
Will the product page show a sign-up option for restock alerts if something is unavailable?,WmwaiVVI
How do I know when a sold-out item is available again?,WmwaiVVI
What kind of updates and offers do you send in your email newsletter?,4h74m45z
Will the newsletter include new product announcements and product tips?,4h74m45z
How do I sign up for your email newsletter on the website?,4h74m45z
Does your newsletter share exclusive deals or just product news?,4h74m45z
What can I expect to get if I subscribe to your email updates?,4h74m45z
Can I send something back if I just don’t want it anymore?,5W7iA7et
"If I change my mind after buying, am I allowed to return the item?",5W7iA7et
What condition does the product need to be in for a change-of-mind return?,5W7iA7et
Do I need the original packaging to return something I no longer want?,5W7iA7et
Where can I find the steps for returning an item after changing my mind?,5W7iA7et
Do you have live chat on your website for customer support?,DtVHR7U5
What are your live chat hours and where can I find it?,DtVHR7U5
How do I start a chat with your support team on the site?,DtVHR7U5
Is live chat available during business hours only?,DtVHR7U5
Where is the chat icon on your website to contact support?,DtVHR7U5
Can I send an item directly to someone else as a gift?,PPpv2Lmq
Is it possible to have a gift order shipped to the recipient’s address?,PPpv2Lmq
How do I enter a different shipping address when I want to buy something as a present?,PPpv2Lmq
Do you allow gift purchases with delivery straight to the person receiving it?,PPpv2Lmq
Can I check out with the recipient’s shipping details for a gift order?,PPpv2Lmq
Why is my discount code not working at checkout?,Z90EQ9d6
What should I check if a promo code won’t apply to my order?,Z90EQ9d6
I entered my discount code but it says invalid — what should I do?,Z90EQ9d6
How can I fix a coupon code that isn’t working on my purchase?,Z90EQ9d6
Do I need to check any terms if my discount code doesn’t work?,Z90EQ9d6
"Are final sale items really non-returnable and non-refundable, or are there any exceptions?",QoG11KFq
How can I tell if a product I’m buying is marked as final sale before I order it?,QoG11KFq
"If I’m not sure whether an item is eligible for return, should I check the product description or contact support?",QoG11KFq
Do final sale products ever qualify for a refund if there’s an issue with the order?,QoG11KFq
What’s the best way to confirm return eligibility for a specific item that might be final sale?,QoG11KFq
"Do you provide installation for any of your products, or do I need to set it up myself?",ozUontmF
How can I tell if installation is offered for a specific item before I buy it?,ozUontmF
Can I request installation service through customer support for my order?,ozUontmF
"Are installation services available on all products, or only certain ones?",ozUontmF
Where should I look to find out whether a product includes installation options?,ozUontmF
Can I still buy a product if it’s been discontinued?,U2G4Al21
Are discontinued items available to order at all?,U2G4Al21
What happens when a product is no longer sold?,U2G4Al21
Do you offer any alternatives for discontinued products?,U2G4Al21
"If something is discontinued, can I find a similar product on your site?",U2G4Al21
Do I need to show a receipt or proof of purchase when I want to return something?,H1MDF3mU
Can I send back an item if I lost the receipt?,H1MDF3mU
What do I need for a return if I don't have the original receipt?,H1MDF3mU
"Is a receipt required for product returns, or can customer support help another way?",H1MDF3mU
How do returns work if I only have proof of purchase and not the receipt?,H1MDF3mU
"Do you ship orders to countries outside my own, or is it only domestic delivery?",rZ4MUAAd
How can I tell which countries are available for shipping before I place my order?,rZ4MUAAd
"If my country doesn’t show up at checkout, does that mean you can’t deliver there?",rZ4MUAAd
Can customer support help me figure out whether international delivery is available for my address?,rZ4MUAAd
Are there any restrictions on which countries you’ll ship to when ordering online?,rZ4MUAAd
Can I include a gift message when I place my order?,z9XbPBR9
Is there an option to add a personalized note at checkout?,z9XbPBR9
Where do I put a gift message during the ordering process?,z9XbPBR9
Does checkout let me enter a custom message for a gift order?,z9XbPBR9
Can I write a short note to go with my purchase?,z9XbPBR9
"Do you offer product demos before I buy, or is that not available right now?",vVHwZWqI
Can I see a demonstration of the product before placing an order?,vVHwZWqI
Is there any way to try out or get a demo of the item before purchase?,vVHwZWqI
"Before I buy, can I request a product walkthrough or live demo?",vVHwZWqI
"Do you currently do pre-purchase demos, or should I just use the product details and reviews on the site?",vVHwZWqI
"Can I buy something that says coming soon, or is it unavailable for now?",UuMua3bO
"If a product is marked coming soon, when will I be able to order it?",UuMua3bO
Do I need to wait until a coming soon item is released before purchasing it?,UuMua3bO
How can I find out when a coming soon product becomes available?,UuMua3bO
Is there a way to get notified when a coming soon item goes on sale?,UuMua3bO
"Will my order come with an invoice, or do I need to ask for one separately?",swAbYbeK
"If I need a separate invoice for my purchase, how do I request it?",swAbYbeK
Can customer support send me an invoice after I place my order?,swAbYbeK
Is an invoice normally included in the package when my order ships?,swAbYbeK
Who should I contact if I want a different invoice for my order?,swAbYbeK
Can I still buy a product if it’s marked as limited edition?,NvdqxvfH
Does limited edition mean the item might sell out fast?,NvdqxvfH
Should I order a limited edition product right away to make sure I get it?,NvdqxvfH
Are limited edition items only available in small quantities?,NvdqxvfH
"If something is labeled limited edition, is it okay to wait before ordering?",NvdqxvfH
Is it still possible to return an item if I already threw away the original box and packaging?,21ZDSvzz
"Do I need the original packaging to start a return, or can customer support help without it?",21ZDSvzz
Can I send back a product even if it’s not in the original package anymore?,21ZDSvzz
What should I do if I want to return something but I don’t have the packaging it came in?,21ZDSvzz
Will my return be accepted if the product is no longer in its original packaging?,21ZDSvzz
Is it possible to reserve an item that’s currently out of stock until it comes back?,bfB5jNdP
Do you hold out-of-stock products for customers if I ask?,bfB5jNdP
Can I put a sold-out product on reserve or backorder?,bfB5jNdP
"If something is out of stock, can I get it reserved for me somehow?",bfB5jNdP
Do you offer any way to save an out-of-stock item for later purchase?,bfB5jNdP
Can I checkout pre-order items together with things that are already in stock?,FwfCnjM0
"If my cart has both pre-order and available items, will it all ship separately or together?",FwfCnjM0
Is it okay to buy a pre-order product along with other items that are ready to ship?,FwfCnjM0
What happens to shipping when an order includes both pre-order and in-stock products?,FwfCnjM0
Will my whole order wait until the pre-order item is available before it gets sent out?,FwfCnjM0
What should I do if my item arrives damaged in shipping?,2RCPAHHC
Is it possible to return a product that got damaged during delivery?,2RCPAHHC
Who do I contact when a package arrives with damage?,2RCPAHHC
How do I get a replacement for something damaged in transit?,2RCPAHHC
What’s the process for returning a product that was broken during shipping?,2RCPAHHC
Can I ask for an out-of-stock item to come back in stock?,on8Lz0X6
Will you restock popular products if they sell out?,on8Lz0X6
How can I get notified when a sold-out product is available again?,on8Lz0X6
Is there a way to sign up for alerts on a product that’s currently out of stock?,on8Lz0X6
"Do you restock items that are popular, and how do I know when they’re back?",on8Lz0X6
"If an item shows as backordered, can I still place an order for it?",wIKzbvNh
What does it mean when a product is marked as backordered on the site?,wIKzbvNh
Will my backordered item ship right away or only after it comes back in stock?,wIKzbvNh
Can I buy something that’s temporarily out of stock and wait for restock?,wIKzbvNh
"Does backordered mean the product is unavailable, or can I still order it now?",wIKzbvNh
Can I still return something I bought on sale or with a discount?,tnqaxxsq
"If I return a discounted item, do I get back the full price or just what I paid?",tnqaxxsq
"Are sale items eligible for returns, and how is the refund calculated?",tnqaxxsq
I used a coupon on my order — can I return it and get refunded?,tnqaxxsq
Does buying a product during a promotion affect the return policy or refund amount?,tnqaxxsq
What should I do if my product arrives damaged and I want a repair or replacement?,A0uZws0t
Who do I contact when I receive a damaged item from my order?,A0uZws0t
Is there a way to get my damaged product repaired or replaced after delivery?,A0uZws0t
How quickly should I reach out to support if the product I got is damaged?,A0uZws0t
Will customer support help me fix or replace a damaged item I received?,A0uZws0t
"If something shows as out of stock but has a pre-order option, can I still buy it now?",8JxT3ali
Does pre-order mean I can reserve an item even when it's currently not in stock?,8JxT3ali
"When I place a pre-order for an out-of-stock product, will it ship automatically once it's available?",8JxT3ali
Is it possible to order a product before it comes back in stock if pre-order is offered?,8JxT3ali
"Can I secure an item that’s out of stock by pre-ordering it, and when would it be sent?",8JxT3ali
Can I send back an item if it was bought as a gift?,HoBWcNkp
"If someone gifted me a product, can I still return it?",HoBWcNkp
Are gift purchases eligible for returns?,HoBWcNkp
What happens with the refund if the item was purchased as a gift?,HoBWcNkp
Will the money go back to me or the original buyer when I return a gifted item?,HoBWcNkp
"If an item says discontinued, can I still request or order it somehow?",nC1k4pUW
What does it mean when a product is marked as discontinued on your site?,nC1k4pUW
Are discontinued products completely unavailable for purchase now?,nC1k4pUW
Do you have any way to buy or request a product that's been discontinued?,nC1k4pUW
Should I look for similar products if the one I want is listed as discontinued?,nC1k4pUW
"If an item shows as sold out, is there any way to still order it or reserve one?",P9E16vgF
How do I get notified when a sold-out product comes back in stock?,P9E16vgF
"Is a sold-out product completely unavailable right now, or does it depend on the item?",P9E16vgF
"Should I keep checking the product page if something is sold out, or is there a waiting list option?",P9E16vgF
"When a product is marked sold out, does that mean I can’t buy it at all until it’s restocked?",P9E16vgF
"If I bought something with a gift card, can I still return it and get a refund?",Cw1Toxld
What happens when I return an item that was paid for using a gift card?,Cw1Toxld
"Can purchases made with gift cards be returned, and how is the refund given?",Cw1Toxld
"Will I get cash back if I return a product I bought with a gift card, or is it store credit?",Cw1Toxld
"Is it possible to return an item purchased on a gift card, and do I receive a new gift card or store credit?",Cw1Toxld
"If my size is sold out on a product page, can I still ask for it or get a restock alert?",Qw2KKlDo
What should I do when an item isn't available in my size right now?,Qw2KKlDo
"Does out of stock in my size mean the product is gone for good, or should I check again later?",Qw2KKlDo
Can I get notified when a product comes back in my size?,Qw2KKlDo
"If my size isn't listed, is the item just unavailable temporarily?",Qw2KKlDo
"If an item says coming soon and has a pre-order option, can I still buy it now?",VGYrIupI
How does ordering work for products marked as coming soon but available for pre-order?,VGYrIupI
Can I reserve a product ahead of release if it’s listed as coming soon?,VGYrIupI
What happens if I place a pre-order on a product that isn’t out yet?,VGYrIupI
Is it possible to secure a coming soon item before it becomes available?,VGYrIupI
"If I bought something using a promo code, can I still send it back for a refund?",7iVI29RG
"Are discounted items eligible for returns, and how is the refund calculated?",7iVI29RG
What happens if I return an order I paid for with a coupon code?,7iVI29RG
"Can I return a product bought with a discount voucher, and will I get back the full price or the discounted amount?",7iVI29RG
Does using a discount code affect my return or refund in any way?,7iVI29RG
Do you offer custom orders if I want something made just for me?,UwVnvFxe
Can I personalize a product before placing my order?,UwVnvFxe
Is there any option to request a custom-made item on your site?,UwVnvFxe
Do you currently take requests for personalized products or special designs?,UwVnvFxe
"If I want something customized, can I ask for a custom order?",UwVnvFxe
"If something says temporarily unavailable, does that mean it’s out of stock right now and may come back later?",1skXGBC8
Can I still place an order for an item that’s marked temporarily unavailable?,1skXGBC8
"When a product is temporarily unavailable, should I just wait for a restock or is there a way to get notified?",1skXGBC8
How do I know if a temporarily unavailable item will be available again soon?,1skXGBC8
Is there any option to sign up for alerts when an out-of-stock product comes back?,1skXGBC8
"If I damaged the item by using it wrong, can I still return it?",kwfVEqq9
Does your return policy cover products that got damaged after I started using them improperly?,kwfVEqq9
What happens if a product is broken because of misuse rather than arriving defective?,kwfVEqq9
Can customer support help with a return if the damage was caused by improper use?,kwfVEqq9
Are items damaged by the customer’s own misuse eligible for return or only arrivals that were defective?,kwfVEqq9
"If an item says coming soon but there’s no pre-order option, do I just have to wait for it to go on sale?",cH6v48MZ
Can I still buy a product that’s marked coming soon even if pre-order isn’t available yet?,cH6v48MZ
What should I do when a product is coming soon but I can’t pre-order it online?,cH6v48MZ
Is there any way to request a coming soon item before it’s officially released?,cH6v48MZ
"If something is listed as coming soon without pre-order, when will I be able to order it?",cH6v48MZ
"Can I still buy something that shows as on hold, or is it unavailable for now?",nPHaqT0b
What does it mean when a product is marked on hold?,nPHaqT0b
"If an item is on hold, should I just wait and check back later?",nPHaqT0b
Is there a way to get notified when a product that’s on hold comes back in stock?,nPHaqT0b
Why can’t I order a product if it says on hold?,nPHaqT0b
"Do I need the original receipt to return something, or can you help without it?",n0qN6G1G
"If I lost my receipt, is there still a way to make a return?",n0qN6G1G
Can customer support still process a return when I don't have the receipt?,n0qN6G1G
What should I do if I want to return an item but can't find the receipt?,n0qN6G1G
"Is a receipt required for returns, or is there another option if I don't have it?",n0qN6G1G
"If a limited edition item sells out, is there any chance it will come back in stock?",JDlU8rfv
"Do limited edition products get restocked once they’re gone, or should I buy them right away?",JDlU8rfv
Is it possible to request another batch of a sold-out limited edition product?,JDlU8rfv
"When a limited edition item is sold out, does that usually mean it won’t be available again?",JDlU8rfv
"Should I expect limited edition products to be restocked later, or are they only available for a short time?",JDlU8rfv
"If an item shows as discontinued but is still on the site, can I still buy it?",b4VCHw4X
Why does a product still appear online if it says discontinued?,b4VCHw4X
Should I contact support when a product is marked discontinued but can still be seen on the website?,b4VCHw4X
Is it a website error when a discontinued product is still listed and visible?,b4VCHw4X
What should I do if I find a discontinued item that is still showing on the store?,b4VCHw4X
"Are clearance items eligible for returns or refunds, or are they usually final sale?",KuPo6H62
"If I buy a final sale product, can I send it back if I change my mind?",KuPo6H62
"Do clearance deals come with any return policy, or are they non-returnable?",KuPo6H62
How do I know whether a product is not returnable because it’s on clearance?,KuPo6H62
Can customer support confirm if a clearance item is refundable before I order?,KuPo6H62
"If I don't see an item on your site, can I still ask for it somehow?",IF0SwlPM
Do you take special requests for products that aren't listed online?,IF0SwlPM
What should I do if the product I want isn’t available on the website?,IF0SwlPM
Is there any way to buy something that’s not shown in your catalog?,IF0SwlPM
Should I contact support if I’m looking for a product you don’t list?,IF0SwlPM
"If an item shows out of stock but allows backorder, can I still buy it right away?",0Jl4Tq1L
Does backordering an out of stock product reserve it for me?,0Jl4Tq1L
"When I order something that’s on backorder, will it ship later once it’s available?",0Jl4Tq1L
Can I place an order for a product even if the store says it’s out of stock?,0Jl4Tq1L
What happens after I backorder an item that isn’t currently in stock?,0Jl4Tq1L
"If I bought an item in a bundle, can I still return just that product?",C2WwMuzg
Does the return policy change when something was purchased as part of a set or bundle?,C2WwMuzg
Where can I check the rules for returning a product that came in a bundle?,C2WwMuzg
Can customer support help me if I want to return an item from a set?,C2WwMuzg
Are bundle purchases handled differently if I need to send one item back?,C2WwMuzg
Is there a way to get notified when an out-of-stock item comes back in stock?,LURMyB6M
"If a product is sold out right now, can I sign up to hear when it’s available again?",LURMyB6M
"Do you restock popular items, and how can I be alerted when they return?",LURMyB6M
Can I request a notification for a product that’s currently out of stock?,LURMyB6M
What’s the best way to know when an unavailable product is back again?,LURMyB6M
Is it possible to buy something that says 'coming soon' if it’s open for pre-order?,Sc3nfKjc
Can I place an order for a product before it officially launches when it’s marked as coming soon?,Sc3nfKjc
How does pre-order work for items listed as coming soon on the site?,Sc3nfKjc
"If an item is not out yet but says pre-order, can I still secure it now?",Sc3nfKjc
"Do I need to wait until release, or can I order a coming soon product in advance?",Sc3nfKjc
What should I do if my item arrives damaged from shipping mishandling?,yV7NMWKs
Can I get a return or replacement if the product was damaged during delivery?,yV7NMWKs
Who do I contact when a package comes in damaged because of shipping mishandling?,yV7NMWKs
Is there a way to return a damaged product that was caused by shipping issues?,yV7NMWKs
What are the steps if my order was damaged in transit and I need help with a replacement?,yV7NMWKs
Is there any way to reserve an item that shows as out of stock?,ecsYRhFw
Can you hold an out-of-stock product for me until it comes back?,ecsYRhFw
Do you offer reservations on products that aren’t available right now?,ecsYRhFw
"If something is out of stock, can I ask for it to be saved for me?",ecsYRhFw
What can I do to get notified when an out-of-stock item is back in stock?,ecsYRhFw
"If an item shows as pre-order and also backorder, can I still buy it now?",CZnVGyH2
Does placing a pre-order/backorder mean my item will ship later when stock arrives?,CZnVGyH2
How do I secure a product that’s listed as pre-order but says backorder is available?,CZnVGyH2
Can I check out with a pre-order item if it won’t be in stock right away?,CZnVGyH2
"When a product is marked pre-order and backorder, will my order go through before it’s available?",CZnVGyH2
"If I bought something using store credit, can I still return it and get store credit back?",HEWuS7Nc
How does the refund work when a product was paid for with store credit?,HEWuS7Nc
"Can items purchased with store credit be returned, and do I get cash or store credit as the refund?",HEWuS7Nc
"If I return an order that I paid for with store credit, will the money go back as store credit again?",HEWuS7Nc
Is it possible to send back a product bought with store credit and use that credit on another purchase?,HEWuS7Nc
Can I ask to have an out-of-stock item restocked?,78rZtLWO
Do you restock popular products when they sell out?,78rZtLWO
How can I get notified when a sold-out item is back in stock?,78rZtLWO
Is there a way to sign up for alerts on unavailable products?,78rZtLWO
Will I be emailed when the item becomes available again?,78rZtLWO
"If an item shows sold out but has pre-order available, can I still buy it?",kI4gZ7vV
How does pre-order work when a product is already sold out?,kI4gZ7vV
Will I be able to secure a sold-out item by placing a pre-order?,kI4gZ7vV
"Do you ship pre-ordered products right away, or only after they’re back in stock?",kI4gZ7vV
Can I place an order for a sold-out product if the pre-order option is there?,kI4gZ7vV
"If I bought something using a promo gift card, can I still return it, and how will I get refunded?",0x9SKbQu
Can products paid for with a promotional gift card be returned without any issue?,0x9SKbQu
What happens to my refund if I return an item I purchased with a promo gift card?,0x9SKbQu
"Do I get cash back, store credit, or another gift card when returning something bought with a promotional gift card?",0x9SKbQu
Is it possible to send back an order that was purchased using a promotional gift card?,0x9SKbQu
Is it possible to request a product in a color that’s not available right now?,8U4jf3fr
What should I do if the color I want is currently out of stock?,8U4jf3fr
Can I get notified when a product comes back in my preferred color?,8U4jf3fr
Do I need to check back later if my preferred color isn’t available?,8U4jf3fr
How do color notifications work for items that are temporarily unavailable?,8U4jf3fr
"If something says coming soon but doesn't allow pre-order, do I just have to wait until it goes on sale?",uNyM0MJc
Can I buy a product that's marked coming soon even if pre-order isn't turned on?,uNyM0MJc
What does it mean when an item is coming soon but I can't pre-order it yet?,uNyM0MJc
Is there any way to order a coming soon product before its official release date?,uNyM0MJc
"When a product is listed as coming soon without pre-order, when can I actually purchase it?",uNyM0MJc
"Can I return something I bought during a sale or promo event, and will I get back the discounted amount I paid?",cSa61muY
"If I purchased an item during a promotional event, is it still eligible for return?",cSa61muY
"When returning a product bought on promotion, do I get refunded the full price or the price after discount?",cSa61muY
"Are items bought with a promo discount still returnable, and how is the refund calculated?",cSa61muY
"I bought something during a special offer—can I return it, and will the refund reflect the discounted total?",cSa61muY
