question;document;hit_rate_text;hit_rate_vector;hit_rate_vector_combined;mrr_text;mrr_vector;mrr_vector_combined
How do I sign up for an account on your website?;doc_0_how_can_i_create_an_account_;1;1;1;1.0;0.5;0.5
Where can I find the Sign Up button to make a new account?;doc_0_how_can_i_create_an_account_;1;1;1;1.0;0.25;0.5
What steps do I need to follow to register a new account?;doc_0_how_can_i_create_an_account_;1;1;1;0.2;0.1;0.5
Can you tell me how to create an account on the top right corner of the site?;doc_0_how_can_i_create_an_account_;1;1;1;1.0;0.5;0.5
How do I complete the registration process after clicking Sign Up?;doc_0_how_can_i_create_an_account_;1;0;1;0.5;0.0;0.5
What kinds of payment can I use for an online order?;doc_1_what_payment_methods_do_you_ac;1;0;0;1.0;0.0;0.0
Do you take credit and debit cards at checkout?;doc_1_what_payment_methods_do_you_ac;1;0;0;0.3333333333333333;0.0;0.0
Can I pay with PayPal on your site?;doc_1_what_payment_methods_do_you_ac;0;0;0;0.0;0.0;0.0
Which payment options are available when I buy online?;doc_1_what_payment_methods_do_you_ac;1;0;0;0.5;0.0;0.0
Besides cards, do you accept any other payment method?;doc_1_what_payment_methods_do_you_ac;1;0;0;1.0;0.0;0.0
How do I check where my order is after I buy something?;doc_2_how_can_i_track_my_order_;1;0;1;0.5;0.0;0.1
Where can I find the tracking info for my shipment?;doc_2_how_can_i_track_my_order_;1;1;1;0.5;1.0;0.1
Do I need to log into my account to track an order?;doc_2_how_can_i_track_my_order_;1;0;1;1.0;0.0;0.1
Which section of my account shows order tracking details?;doc_2_how_can_i_track_my_order_;1;0;1;0.25;0.0;0.1
Can I see my order status in Order History?;doc_2_how_can_i_track_my_order_;1;1;1;0.3333333333333333;0.25;0.1
How long do I have to return an item for a full refund?;doc_3_what_is_your_return_policy_;0;0;1;0.0;0.0;0.2
Do returns need to be in the original packaging and condition?;doc_3_what_is_your_return_policy_;1;0;1;0.25;0.0;0.2
Can I send back a product after 30 days of purchase?;doc_3_what_is_your_return_policy_;1;0;1;0.25;0.0;0.2
Where can I find the instructions for making a return?;doc_3_what_is_your_return_policy_;0;0;1;0.0;0.0;0.2
What do I need to qualify for a full refund on a return?;doc_3_what_is_your_return_policy_;1;0;1;0.3333333333333333;0.0;0.2
How do I cancel my order before it ships?;doc_4_can_i_cancel_my_order_;1;1;0;1.0;1.0;0.0
Is it still possible to cancel an order that hasn’t been shipped yet?;doc_4_can_i_cancel_my_order_;1;0;0;0.5;0.0;0.0
Who should I contact if I want to cancel my order?;doc_4_can_i_cancel_my_order_;1;1;0;1.0;0.3333333333333333;0.0
Do I need to give my order details to cancel an order?;doc_4_can_i_cancel_my_order_;1;1;0;0.5;0.2;0.0
Can customer support help me cancel my order if it’s not shipped yet?;doc_4_can_i_cancel_my_order_;1;1;0;0.5;1.0;0.0
How long does standard shipping usually take?;doc_5_how_long_does_shipping_take_;1;1;0;1.0;1.0;0.0
What’s the delivery time if I choose express shipping?;doc_5_how_long_does_shipping_take_;1;0;0;0.16666666666666666;0.0;0.0
Do shipping times change depending on where the package is going?;doc_5_how_long_does_shipping_take_;1;0;0;0.14285714285714285;0.0;0.0
How many business days should I expect for standard delivery?;doc_5_how_long_does_shipping_take_;1;1;0;0.5;1.0;0.0
Is express shipping usually 1 to 2 business days?;doc_5_how_long_does_shipping_take_;1;1;0;1.0;1.0;0.0
Do you ship to countries outside the U.S., or is it only domestic?;doc_6_do_you_offer_international_shi;1;0;0;0.5;0.0;0.0
Which countries can you ship to internationally?;doc_6_do_you_offer_international_shi;1;0;0;1.0;0.0;0.0
How do I know if international shipping is available for my address?;doc_6_do_you_offer_international_shi;1;0;0;1.0;0.0;0.0
Will shipping costs for overseas orders show up at checkout?;doc_6_do_you_offer_international_shi;1;0;0;1.0;0.0;0.0
Can I order from another country, and will the total shipping fee be calculated automatically?;doc_6_do_you_offer_international_shi;1;0;0;0.16666666666666666;0.0;0.0
What do I need to do if my package gets lost in transit?;doc_7_what_should_i_do_if_my_package;1;1;0;1.0;0.3333333333333333;0.0
Who should I contact if my order arrives damaged?;doc_7_what_should_i_do_if_my_package;1;1;0;1.0;0.2;0.0
If my package goes missing, how do I start a claim?;doc_7_what_should_i_do_if_my_package;1;1;0;1.0;0.5;0.0
What’s the fastest way to report a damaged delivery?;doc_7_what_should_i_do_if_my_package;1;0;0;0.1111111111111111;0.0;0.0
Do I need to reach out right away if my parcel is lost or damaged?;doc_7_what_should_i_do_if_my_package;1;1;0;1.0;1.0;0.0
How can I update my shipping address after I’ve already placed an order?;doc_8_can_i_change_my_shipping_addre;1;1;1;1.0;1.0;0.14285714285714285
Is it possible to change the delivery address before my order ships?;doc_8_can_i_change_my_shipping_addre;1;1;1;1.0;1.0;0.14285714285714285
What should I do if I entered the wrong shipping address at checkout?;doc_8_can_i_change_my_shipping_addre;1;1;1;0.25;0.5;0.14285714285714285
Can customer support still change my address if the package hasn’t been sent out yet?;doc_8_can_i_change_my_shipping_addre;1;1;1;1.0;1.0;0.14285714285714285
Who do I contact to request a shipping address change on an existing order?;doc_8_can_i_change_my_shipping_addre;1;1;1;1.0;0.3333333333333333;0.14285714285714285
How do I get in touch with customer support by phone or email?;doc_9_how_can_i_contact_customer_sup;1;1;0;1.0;0.1;0.0
What’s the best way to reach your support team if I need help?;doc_9_how_can_i_contact_customer_sup;1;0;0;1.0;0.0;0.0
Can I contact customer service by email, or do I need to call?;doc_9_how_can_i_contact_customer_sup;1;1;0;1.0;0.25;0.0
What are the ways to contact support for questions or issues with my order?;doc_9_how_can_i_contact_customer_sup;1;0;0;1.0;0.0;0.0
When is customer support available, and how can I reach them?;doc_9_how_can_i_contact_customer_sup;1;1;0;1.0;1.0;0.0
Can I add gift wrapping when I check out, and is there an extra charge?;doc_10_do_you_offer_gift_wrapping_ser;1;0;0;1.0;0.0;0.0
Do you provide gift wrap for orders, or is that something I need to request separately?;doc_10_do_you_offer_gift_wrapping_ser;1;0;0;1.0;0.0;0.0
How do I choose the gift wrapping option for my purchase?;doc_10_do_you_offer_gift_wrapping_ser;1;1;0;1.0;0.125;0.0
Is gift wrapping available on your site for every order?;doc_10_do_you_offer_gift_wrapping_ser;1;1;0;1.0;0.1111111111111111;0.0
Will I be able to select gift wrap during checkout, and does it cost more?;doc_10_do_you_offer_gift_wrapping_ser;0;0;0;0.0;0.0;0.0
Do you price match identical products from other websites?;doc_11_what_is_your_price_matching_po;1;0;0;0.1111111111111111;0.0;0.0
How do I request a price match for a competitor's lower price?;doc_11_what_is_your_price_matching_po;1;1;0;1.0;1.0;0.0
What details do I need to send to customer support for a price match?;doc_11_what_is_your_price_matching_po;1;0;0;0.5;0.0;0.0
Will you match a cheaper offer I found on another store's website?;doc_11_what_is_your_price_matching_po;1;1;0;0.1111111111111111;0.125;0.0
Does your price matching apply to the exact same item sold by competitors?;doc_11_what_is_your_price_matching_po;1;0;0;1.0;0.0;0.0
Can I place an order by phone, or do I need to use the website?;doc_12_can_i_order_by_phone_;1;0;0;1.0;0.0;0.0
Do you take phone orders if I want to buy something quickly?;doc_12_can_i_order_by_phone_;1;0;0;0.3333333333333333;0.0;0.0
Is it possible to call in an order instead of ordering online?;doc_12_can_i_order_by_phone_;0;0;0;0.0;0.0;0.0
Why can’t I order over the phone, and how should I place my order?;doc_12_can_i_order_by_phone_;1;0;0;0.5;0.0;0.0
Can I make a purchase by phone, or is online checkout required?;doc_12_can_i_order_by_phone_;1;0;0;1.0;0.0;0.0
How do you protect my personal and payment information when I shop with you?;doc_13_are_my_personal_and_payment_de;1;1;0;1.0;0.25;0.0
Is it safe to enter my card details on your website?;doc_13_are_my_personal_and_payment_de;1;0;0;0.5;0.0;0.0
What security measures do you use to keep customer data protected?;doc_13_are_my_personal_and_payment_de;0;0;0;0.0;0.0;0.0
Do you use encryption for personal and payment details?;doc_13_are_my_personal_and_payment_de;1;1;0;1.0;0.5;0.0
Can I trust your checkout process with my sensitive information?;doc_13_are_my_personal_and_payment_de;0;0;0;0.0;0.0;0.0
Do you offer a price adjustment if the item I bought gets discounted right after I ordered it?;doc_14_what_is_your_price_adjustment_;1;0;0;0.5;0.0;0.0
How many days after purchase can I ask for a price match or adjustment?;doc_14_what_is_your_price_adjustment_;1;0;0;1.0;0.0;0.0
Is the price adjustment something I can use more than once on the same order?;doc_14_what_is_your_price_adjustment_;1;0;0;1.0;0.0;0.0
What do I need to send to customer support to get a price adjustment?;doc_14_what_is_your_price_adjustment_;1;0;0;1.0;0.0;0.0
If something I purchased goes on sale within a week, can I request the difference back?;doc_14_what_is_your_price_adjustment_;1;0;0;0.25;0.0;0.0
Do you offer a loyalty program for customers, and how does it work?;doc_15_do_you_have_a_loyalty_program_;1;1;1;1.0;1.0;0.125
Can I earn points when I shop with you, and what can I use them for?;doc_15_do_you_have_a_loyalty_program_;1;0;1;0.16666666666666666;0.0;0.125
How do I join your rewards program or sign up for it?;doc_15_do_you_have_a_loyalty_program_;1;0;1;1.0;0.0;0.125
Are the points from purchases redeemable for discounts on my next order?;doc_15_do_you_have_a_loyalty_program_;1;0;1;0.1111111111111111;0.0;0.125
Where can I find more info about your loyalty program on your website?;doc_15_do_you_have_a_loyalty_program_;1;1;1;0.3333333333333333;0.25;0.125
Is it possible to buy as a guest without signing up?;doc_16_can_i_order_without_creating_a;1;0;0;0.5;0.0;0.0
Do I have to create an account before placing an order?;doc_16_can_i_order_without_creating_a;1;1;0;0.5;0.1111111111111111;0.0
Can I check out without registering first?;doc_16_can_i_order_without_creating_a;1;0;0;1.0;0.0;0.0
Will guest checkout work if I don’t want an account?;doc_16_can_i_order_without_creating_a;1;0;0;0.5;0.0;0.0
What’s the point of making an account if I can order without one?;doc_16_can_i_order_without_creating_a;1;1;0;1.0;0.1;0.0
Do you offer discounts if I order a lot at once?;doc_17_do_you_offer_bulk_or_wholesale;1;0;0;1.0;0.0;0.0
Is there a wholesale price for your products?;doc_17_do_you_offer_bulk_or_wholesale;1;0;0;0.25;0.0;0.0
Can I get a bulk discount on certain items?;doc_17_do_you_offer_bulk_or_wholesale;1;0;0;1.0;0.0;0.0
Who should I contact to ask about wholesale pricing?;doc_17_do_you_offer_bulk_or_wholesale;1;0;0;0.3333333333333333;0.0;0.0
Where can I find more info about your wholesale program?;doc_17_do_you_offer_bulk_or_wholesale;1;1;0;0.3333333333333333;0.14285714285714285;0.0
How do I change or cancel something from my order after I place it?;doc_18_can_i_change_or_cancel_an_item;1;1;1;1.0;1.0;0.1111111111111111
Is it possible to edit or cancel an order item before it ships?;doc_18_can_i_change_or_cancel_an_item;1;1;1;1.0;1.0;0.1111111111111111
Who should I contact if I want to cancel one item in my order?;doc_18_can_i_change_or_cancel_an_item;1;1;1;1.0;0.3333333333333333;0.1111111111111111
What’s the fastest way to request a change to my order item?;doc_18_can_i_change_or_cancel_an_item;1;0;1;1.0;0.0;0.1111111111111111
Can customer support help me remove an item from my order?;doc_18_can_i_change_or_cancel_an_item;1;0;1;0.5;0.0;0.1111111111111111
How do I write a review for a product I bought?;doc_19_how_can_i_leave_a_product_revi;1;0;0;1.0;0.0;0.0
Where can I find the button to leave a product review?;doc_19_how_can_i_leave_a_product_revi;1;1;0;1.0;0.1;0.0
Do I need to go to the product page to submit feedback and a rating?;doc_19_how_can_i_leave_a_product_revi;0;1;0;0.0;0.2;0.0
What’s the easiest way to add a review on your website?;doc_19_how_can_i_leave_a_product_revi;1;1;0;0.25;0.5;0.0
Can I share my experience and rate an item from the product page?;doc_19_how_can_i_leave_a_product_revi;1;1;0;0.16666666666666666;0.25;0.0
Can I stack more than one promo code on the same order?;doc_20_can_i_use_multiple_promo_codes;1;1;0;1.0;1.0;0.0
Is it possible to use multiple discount codes during checkout, or just one?;doc_20_can_i_use_multiple_promo_codes;1;0;0;1.0;0.0;0.0
How many promo codes can I apply to a single purchase?;doc_20_can_i_use_multiple_promo_codes;1;1;0;1.0;1.0;0.0
If I have several promo codes, can I combine them on one order?;doc_20_can_i_use_multiple_promo_codes;1;0;0;1.0;0.0;0.0
Do I need to pick only one promo code when I check out?;doc_20_can_i_use_multiple_promo_codes;1;0;0;0.5;0.0;0.0
I got the wrong item in my order, what should I do next?;doc_21_what_should_i_do_if_i_receive_;1;1;1;1.0;1.0;1.0
Who do I contact if my package arrives with the wrong product?;doc_21_what_should_i_do_if_i_receive_;1;1;1;1.0;0.5;1.0
If I was sent the wrong item, will you send the correct one and take the other back?;doc_21_what_should_i_do_if_i_receive_;1;1;1;1.0;1.0;1.0
What’s the quickest way to fix an order that contains the wrong item?;doc_21_what_should_i_do_if_i_receive_;1;0;1;1.0;0.0;1.0
Do I need to return the wrong item myself if the order was shipped incorrectly?;doc_21_what_should_i_do_if_i_receive_;1;1;1;1.0;0.5;1.0
Do you have faster shipping options if I need my order sooner?;doc_22_do_you_offer_expedited_shippin;1;0;0;0.3333333333333333;0.0;0.0
Can I choose expedited shipping at checkout?;doc_22_do_you_offer_expedited_shippin;1;0;0;1.0;0.0;0.0
How do I upgrade my delivery speed when placing an order?;doc_22_do_you_offer_expedited_shippin;0;0;0;0.0;0.0;0.0
Is there an option for quicker shipping on your site?;doc_22_do_you_offer_expedited_shippin;0;0;0;0.0;0.0;0.0
What’s the fastest shipping method I can select during checkout?;doc_22_do_you_offer_expedited_shippin;1;0;0;0.5;0.0;0.0
Can I still buy something if it’s currently out of stock, or is there a waitlist?;doc_23_can_i_order_a_product_that_is_;1;1;0;0.3333333333333333;1.0;0.0
What happens when a product is out of stock on your site?;doc_23_can_i_order_a_product_that_is_;1;1;0;1.0;0.3333333333333333;0.0
Is there a way to get notified when an out-of-stock item comes back?;doc_23_can_i_order_a_product_that_is_;1;0;0;0.16666666666666666;0.0;0.0
Do you offer alerts for items that aren’t available right now?;doc_23_can_i_order_a_product_that_is_;0;1;0;0.0;1.0;0.0
How do I know when a sold-out product is available again?;doc_23_can_i_order_a_product_that_is_;1;1;0;0.16666666666666666;0.1;0.0
What kind of updates do you send in your email newsletter?;doc_24_what_is_your_email_newsletter_;1;0;0;1.0;0.0;0.0
Does the newsletter include new product announcements and special deals?;doc_24_what_is_your_email_newsletter_;1;0;0;0.5;0.0;0.0
Will I get tips about your products if I sign up for your emails?;doc_24_what_is_your_email_newsletter_;1;0;0;0.5;0.0;0.0
How can I subscribe to your newsletter on the website?;doc_24_what_is_your_email_newsletter_;1;0;0;0.5;0.0;0.0
What should I expect to receive after joining your email list?;doc_24_what_is_your_email_newsletter_;1;0;0;1.0;0.0;0.0
Can I send something back if I just changed my mind?;doc_25_can_i_return_a_product_if_i_ch;1;1;0;1.0;0.5;0.0
Is it possible to return an item when I no longer want it?;doc_25_can_i_return_a_product_if_i_ch;0;0;0;0.0;0.0;0.0
Do you accept returns for products I ordered but decided to keep?;doc_25_can_i_return_a_product_if_i_ch;0;0;0;0.0;0.0;0.0
What do I need to do to return an item if I changed my mind?;doc_25_can_i_return_a_product_if_i_ch;1;1;0;1.0;0.3333333333333333;0.0
Can I return a product as long as it's still in its original packaging?;doc_25_can_i_return_a_product_if_i_ch;1;1;0;0.14285714285714285;0.125;0.0
Do you have live chat support on the website, and when is it available?;doc_26_do_you_offer_live_chat_support;1;0;0;1.0;0.0;0.0
How can I start a chat with customer support on your site?;doc_26_do_you_offer_live_chat_support;1;0;0;0.5;0.0;0.0
Where do I find the chat icon to contact support?;doc_26_do_you_offer_live_chat_support;1;0;0;1.0;0.0;0.0
Is your live chat only available during business hours?;doc_26_do_you_offer_live_chat_support;1;1;0;1.0;1.0;0.0
Can I reach your support team through live chat on the bottom right corner of the page?;doc_26_do_you_offer_live_chat_support;1;1;0;1.0;0.5;0.0
Can I send an item as a gift to someone else?;doc_27_can_i_order_a_product_as_a_gif;1;1;0;0.3333333333333333;0.5;0.0
Is it possible to ship my order directly to the recipient as a gift?;doc_27_can_i_order_a_product_as_a_gif;1;0;0;0.3333333333333333;0.0;0.0
Can I enter a different shipping address at checkout for a gift order?;doc_27_can_i_order_a_product_as_a_gif;1;1;0;0.3333333333333333;0.1111111111111111;0.0
Does your checkout let me have a present delivered straight to the person receiving it?;doc_27_can_i_order_a_product_as_a_gif;0;0;0;0.0;0.0;0.0
Can I buy something as a gift and have it sent to the recipient’s address?;doc_27_can_i_order_a_product_as_a_gif;1;1;0;0.2;0.5;0.0
Why isn’t my discount code working at checkout?;doc_28_what_should_i_do_if_my_discoun;1;1;0;1.0;0.2;0.0
What should I check if a promo code doesn’t apply?;doc_28_what_should_i_do_if_my_discoun;1;1;0;1.0;0.5;0.0
My coupon code won’t work—what am I missing?;doc_28_what_should_i_do_if_my_discoun;1;1;0;1.0;1.0;0.0
How do I fix a discount code that keeps getting rejected?;doc_28_what_should_i_do_if_my_discoun;1;1;0;1.0;0.2;0.0
If my discount code fails, should I contact support?;doc_28_what_should_i_do_if_my_discoun;1;1;0;1.0;1.0;0.0
Are final sale items returnable or refundable at all?;doc_29_can_i_return_a_product_if_it_w;1;1;0;0.5;0.3333333333333333;0.0
How can I tell if an item is final sale before buying?;doc_29_can_i_return_a_product_if_it_w;1;0;0;1.0;0.0;0.0
What should I do if I’m not sure whether my item can be returned?;doc_29_can_i_return_a_product_if_it_w;1;0;0;0.125;0.0;0.0
Do I need to check the product page to confirm return eligibility for final sale products?;doc_29_can_i_return_a_product_if_it_w;1;0;0;0.5;0.0;0.0
Can customer support confirm if a specific final sale item is returnable?;doc_29_can_i_return_a_product_if_it_w;1;1;0;1.0;1.0;0.0
Do you provide installation for every product, or only certain items?;doc_30_do_you_offer_installation_serv;1;0;0;1.0;0.0;0.0
How can I tell if a product comes with installation service?;doc_30_do_you_offer_installation_serv;1;0;0;0.5;0.0;0.0
Where do I check to see whether installation is available before I buy?;doc_30_do_you_offer_installation_serv;1;0;0;1.0;0.0;0.0
If I need installation, who should I contact to set it up?;doc_30_do_you_offer_installation_serv;1;0;0;0.25;0.0;0.0
Can customer support help me request installation for a product?;doc_30_do_you_offer_installation_serv;1;1;0;0.25;0.3333333333333333;0.0
Can I still buy a product if it’s been discontinued?;doc_31_can_i_order_a_product_that_is_;1;0;0;0.3333333333333333;0.0;0.0
Are discontinued items still available to order?;doc_31_can_i_order_a_product_that_is_;1;0;0;0.3333333333333333;0.0;0.0
What happens if the product I want is discontinued?;doc_31_can_i_order_a_product_that_is_;1;0;0;0.25;0.0;0.0
Can I place an order for something that’s no longer sold?;doc_31_can_i_order_a_product_that_is_;0;0;0;0.0;0.0;0.0
Do you offer any replacement or alternative products for discontinued items?;doc_31_can_i_order_a_product_that_is_;0;0;0;0.0;0.0;0.0
Can I return something if I don't have the receipt?;doc_32_can_i_return_a_product_without;1;0;0;0.3333333333333333;0.0;0.0
Is a proof of purchase required to make a return?;doc_32_can_i_return_a_product_without;1;1;0;0.5;0.16666666666666666;0.0
What do I need to bring for a return if I lost my receipt?;doc_32_can_i_return_a_product_without;1;0;0;0.3333333333333333;0.0;0.0
Can customer support help me with a return when I don't have proof of purchase?;doc_32_can_i_return_a_product_without;0;0;0;0.0;0.0;0.0
Do I have to show a receipt to return a product?;doc_32_can_i_return_a_product_without;1;0;0;0.5;0.0;0.0
Do you ship to countries outside my own, or is it only certain destinations?;doc_33_can_i_order_a_product_for_deli;0;0;0;0.0;0.0;0.0
How can I tell if my country is included before I place the order?;doc_33_can_i_order_a_product_for_deli;1;0;0;0.5;0.0;0.0
Is international delivery available for all products, or only some countries?;doc_33_can_i_order_a_product_for_deli;1;0;0;0.5;0.0;0.0
Where do I check the list of shipping destinations during checkout?;doc_33_can_i_order_a_product_for_deli;1;1;0;0.16666666666666666;0.5;0.0
If my country isn’t shown, can customer support help me with shipping options?;doc_33_can_i_order_a_product_for_deli;1;0;0;0.25;0.0;0.0
Can I include a gift note when I place my order?;doc_34_can_i_add_a_gift_message_to_my;1;1;0;1.0;0.5;0.0
Is there an option to add a personalized message at checkout?;doc_34_can_i_add_a_gift_message_to_my;1;1;0;1.0;0.5;0.0
Where do I put a gift message during the checkout process?;doc_34_can_i_add_a_gift_message_to_my;1;0;0;1.0;0.0;0.0
Can I write a custom note to go with my order?;doc_34_can_i_add_a_gift_message_to_my;1;0;0;0.5;0.0;0.0
Does your checkout let me add a message for a gift?;doc_34_can_i_add_a_gift_message_to_my;1;0;0;1.0;0.0;0.0
Do you offer product demos before I buy, or is that not available right now?;doc_35_can_i_request_a_product_demons;0;0;0;0.0;0.0;0.0
Can I see a demonstration of the product prior to purchase?;doc_35_can_i_request_a_product_demons;1;0;0;1.0;0.0;0.0
Is there any way to get a demo or trial before placing an order?;doc_35_can_i_request_a_product_demons;1;0;0;0.3333333333333333;0.0;0.0
Before buying, can I view a live product walkthrough somewhere?;doc_35_can_i_request_a_product_demons;1;0;0;1.0;0.0;0.0
Do you have demonstrations for products, or should I just rely on the product details and reviews?;doc_35_can_i_request_a_product_demons;0;0;0;0.0;0.0;0.0
Can I buy something that says coming soon, or do I have to wait?;doc_36_can_i_order_a_product_that_is_;1;0;0;1.0;0.0;0.0
Is there any way to place an order for a product marked coming soon?;doc_36_can_i_order_a_product_that_is_;1;0;0;0.25;0.0;0.0
What does it mean when an item is listed as coming soon?;doc_36_can_i_order_a_product_that_is_;1;0;0;1.0;0.0;0.0
How can I get notified when a coming soon product is available?;doc_36_can_i_order_a_product_that_is_;1;1;0;0.2;0.125;0.0
Are coming soon products available for purchase right now?;doc_36_can_i_order_a_product_that_is_;1;1;0;0.16666666666666666;0.5;0.0
Will an invoice come with my order automatically, or do I need to ask for one?;doc_37_can_i_request_an_invoice_for_m;1;0;0;1.0;0.0;0.0
If I need a separate invoice for my purchase, how can I get it?;doc_37_can_i_request_an_invoice_for_m;1;0;0;1.0;0.0;0.0
Is there a way to contact support and request an invoice using my order number?;doc_37_can_i_request_an_invoice_for_m;1;0;0;1.0;0.0;0.0
Do you include invoices with orders, and what should I do if I need a different one?;doc_37_can_i_request_an_invoice_for_m;0;0;0;0.0;0.0;0.0
How do I get a separate invoice for an order I already placed?;doc_37_can_i_request_an_invoice_for_m;1;1;0;1.0;0.2;0.0
Can I still order a limited edition product if it shows up online?;doc_38_can_i_order_a_product_that_is_;1;0;0;1.0;0.0;0.0
Do limited edition items usually sell out fast, or can I wait a bit?;doc_38_can_i_order_a_product_that_is_;1;0;0;1.0;0.0;0.0
Should I place my order right away for a limited edition product?;doc_38_can_i_order_a_product_that_is_;1;0;0;1.0;0.0;0.0
What does it mean when a product is marked as limited edition?;doc_38_can_i_order_a_product_that_is_;1;0;0;1.0;0.0;0.0
Are limited edition products always available, or is stock often limited?;doc_38_can_i_order_a_product_that_is_;1;0;0;1.0;0.0;0.0
Can I still return something if I threw away the original box and packaging?;doc_39_can_i_return_a_product_if_i_no;1;1;0;1.0;0.1111111111111111;0.0
Is it possible to start a return without the original packaging?;doc_39_can_i_return_a_product_if_i_no;1;1;0;1.0;0.16666666666666666;0.0
Do I need the product’s original packaging to make a return?;doc_39_can_i_return_a_product_if_i_no;1;1;0;1.0;0.25;0.0
What should I do if I want to return an item but don’t have the original box anymore?;doc_39_can_i_return_a_product_if_i_no;1;1;0;0.5;0.1111111111111111;0.0
Can customer support help me return a product even if it’s not in the original packaging?;doc_39_can_i_return_a_product_if_i_no;1;1;0;1.0;1.0;0.0
Can I reserve an item if it's sold out, or do I have to wait until it comes back?;doc_40_can_i_request_a_product_that_i;0;0;1;0.0;0.0;0.3333333333333333
Is there any way to hold an out-of-stock product for me until it’s available again?;doc_40_can_i_request_a_product_that_i;1;1;1;1.0;0.5;0.3333333333333333
Do you offer reservations on items that are currently unavailable?;doc_40_can_i_request_a_product_that_i;0;1;1;0.0;0.3333333333333333;0.3333333333333333
If a product is out of stock, can I get notified when it’s restocked instead of reserving it?;doc_40_can_i_request_a_product_that_i;1;1;1;0.14285714285714285;0.16666666666666666;0.3333333333333333
How can I be alerted when a sold-out item becomes available again?;doc_40_can_i_request_a_product_that_i;1;1;1;0.14285714285714285;0.5;0.3333333333333333
Can I checkout with both pre-order and ready-to-ship items in the same order?;doc_41_can_i_order_a_product_that_is_;1;1;0;1.0;1.0;0.0
If I buy an item on pre-order with items in stock, will everything ship separately or together?;doc_41_can_i_order_a_product_that_is_;1;0;0;1.0;0.0;0.0
Is it okay to add a pre-order product to my cart along with in-stock products?;doc_41_can_i_order_a_product_that_is_;1;1;0;0.5;0.14285714285714285;0.0
When a pre-order item is included, does the whole order wait until everything is available?;doc_41_can_i_order_a_product_that_is_;1;1;0;0.1111111111111111;1.0;0.0
Can I place one order for both pre-order and in-stock products, or do I need to split them?;doc_41_can_i_order_a_product_that_is_;1;1;0;1.0;1.0;0.0
What should I do if my item arrives damaged in shipping?;doc_42_can_i_return_a_product_if_it_w;1;1;0;0.2;0.16666666666666666;0.0
Can I get a replacement if the product was damaged during delivery?;doc_42_can_i_return_a_product_if_it_w;1;1;0;1.0;0.125;0.0
Who do I contact when a package gets damaged on the way to me?;doc_42_can_i_return_a_product_if_it_w;0;0;0;0.0;0.0;0.0
Is it possible to return a damaged item from shipping?;doc_42_can_i_return_a_product_if_it_w;1;1;0;0.5;0.14285714285714285;0.0
How do I start the return or exchange process for a shipping-damaged product?;doc_42_can_i_return_a_product_if_it_w;1;0;0;1.0;0.0;0.0
Is there a way to get notified when an out-of-stock item comes back?;doc_43_can_i_request_a_product_that_i;1;0;0;1.0;0.0;0.0
Do you restock popular products after they sell out?;doc_43_can_i_request_a_product_that_i;1;1;0;0.1;0.3333333333333333;0.0
Can I sign up for alerts for a product that's currently unavailable?;doc_43_can_i_request_a_product_that_i;0;1;0;0.0;0.1111111111111111;0.0
How will I know when a sold-out item is available again?;doc_43_can_i_request_a_product_that_i;0;1;0;0.0;0.1;0.0
Is it possible to request restock updates for something I want to buy?;doc_43_can_i_request_a_product_that_i;1;1;0;0.3333333333333333;1.0;0.0
If an item says backordered, can I still buy it now?;doc_44_can_i_order_a_product_if_it_is;1;0;0;0.5;0.0;0.0
What does backordered mean when I’m trying to order something?;doc_44_can_i_order_a_product_if_it_is;1;0;0;0.5;0.0;0.0
Will my order go through even if the product is temporarily out of stock?;doc_44_can_i_order_a_product_if_it_is;0;0;0;0.0;0.0;0.0
Do backordered items get shipped once they’re restocked?;doc_44_can_i_order_a_product_if_it_is;1;0;0;1.0;0.0;0.0
Can I place an order for a product that isn’t in stock yet?;doc_44_can_i_order_a_product_if_it_is;0;0;0;0.0;0.0;0.0
Can I still return an item if I bought it on sale or using a discount code?;doc_45_can_i_return_a_product_if_it_w;1;0;0;0.5;0.0;0.0
If I purchase something with a discount, will I get refunded the full price or only what I paid?;doc_45_can_i_return_a_product_if_it_w;1;1;0;1.0;0.1111111111111111;0.0
Are sale items eligible for returns, or are they final sale?;doc_45_can_i_return_a_product_if_it_w;1;0;0;0.25;0.0;0.0
How does the refund work for products bought at a reduced price?;doc_45_can_i_return_a_product_if_it_w;0;1;0;0.0;0.3333333333333333;0.0
If my order was discounted, can I send it back and get my money back based on the discounted amount?;doc_45_can_i_return_a_product_if_it_w;0;0;0;0.0;0.0;0.0
What should I do if my product arrives damaged, and can I get it repaired or replaced?;doc_46_can_i_request_a_product_repair;1;1;0;0.25;0.2;0.0
If a product is damaged when I get it, how do I contact support for a repair or replacement?;doc_46_can_i_request_a_product_repair;1;1;0;1.0;0.25;0.0
Can your customer support help me with a damaged item, like fixing it or sending a replacement?;doc_46_can_i_request_a_product_repair;1;1;0;1.0;0.25;0.0
I received a broken product — what are the next steps to request a repair or replacement?;doc_46_can_i_request_a_product_repair;1;0;0;1.0;0.0;0.0
Do I need to contact customer support right away if my order shows up damaged?;doc_46_can_i_request_a_product_repair;0;0;0;0.0;0.0;0.0
Can I still buy something that shows out of stock if it has a pre-order option?;doc_47_can_i_order_a_product_if_it_is;1;1;0;0.5;0.25;0.0
If an item is available for pre-order, does that mean I can place my order now?;doc_47_can_i_order_a_product_if_it_is;1;1;0;0.14285714285714285;0.3333333333333333;0.0
Will a pre-order let me secure the product even though it's not in stock yet?;doc_47_can_i_order_a_product_if_it_is;1;1;0;0.14285714285714285;0.5;0.0
When a product is marked out of stock but has pre-order available, can I order it anyway?;doc_47_can_i_order_a_product_if_it_is;1;1;0;1.0;1.0;0.0
Do pre-orders ship later once the item becomes available?;doc_47_can_i_order_a_product_if_it_is;1;1;0;0.16666666666666666;0.16666666666666666;0.0
If I got something as a gift, can I still return it?;doc_48_can_i_return_a_product_if_it_w;1;1;0;1.0;0.5;0.0
How do gift returns work on your store?;doc_48_can_i_return_a_product_if_it_w;0;0;0;0.0;0.0;0.0
Can a gifted item be sent back, and where does the refund go?;doc_48_can_i_return_a_product_if_it_w;0;1;0;0.0;0.16666666666666666;0.0
What happens if I want to return a product that was bought for me as a gift?;doc_48_can_i_return_a_product_if_it_w;1;1;0;0.5;0.125;0.0
Is it possible to return a gift purchase even if I wasn't the one who paid?;doc_48_can_i_return_a_product_if_it_w;1;0;0;1.0;0.0;0.0
If an item shows as discontinued, can I still order it somehow?;doc_49_can_i_request_a_product_if_it_;1;0;0;0.3333333333333333;0.0;0.0
What does it mean when a product is marked discontinued on your site?;doc_49_can_i_request_a_product_if_it_;1;0;0;0.14285714285714285;0.0;0.0
Is there any way to request a discontinued product or get it back in stock?;doc_49_can_i_request_a_product_if_it_;1;0;0;1.0;0.0;0.0
Do you still sell products that are listed as discontinued?;doc_49_can_i_request_a_product_if_it_;1;0;0;0.3333333333333333;0.0;0.0
If a product is discontinued, should I look for an alternative instead?;doc_49_can_i_request_a_product_if_it_;1;0;0;1.0;0.0;0.0
Can I still buy something that shows as sold out?;doc_50_can_i_order_a_product_if_it_is;1;1;0;1.0;0.14285714285714285;0.0
Is there any way to order a product when it’s marked sold out?;doc_50_can_i_order_a_product_if_it_is;1;1;0;1.0;0.16666666666666666;0.0
What does it mean if an item is sold out on the site?;doc_50_can_i_order_a_product_if_it_is;1;0;0;0.5;0.0;0.0
Should I wait or sign up for alerts if a product isn’t available right now?;doc_50_can_i_order_a_product_if_it_is;0;1;0;0.0;0.3333333333333333;0.0
When a product is sold out, can I purchase it later or get notified?;doc_50_can_i_order_a_product_if_it_is;1;1;0;1.0;0.5;0.0
Can I send back something I bought with a gift card, and do I get money back or store credit?;doc_51_can_i_return_a_product_if_it_w;1;0;0;0.5;0.0;0.0
If I paid with a gift card, is a return still allowed?;doc_51_can_i_return_a_product_if_it_w;1;0;0;1.0;0.0;0.0
When I return an item purchased using a gift card, how is the refund given?;doc_51_can_i_return_a_product_if_it_w;1;1;0;1.0;1.0;0.0
Do returns for gift card purchases go back as cash, or is it store credit/new gift card only?;doc_51_can_i_return_a_product_if_it_w;1;0;0;1.0;0.0;0.0
I bought this with a gift card — can I return it and what will I be refunded with?;doc_51_can_i_return_a_product_if_it_w;1;1;0;1.0;0.25;0.0
Can I still get a product if my size is currently sold out?;doc_52_can_i_request_a_product_if_it_;1;1;0;1.0;0.2;0.0
What should I do if the item I want isn’t available in my size right now?;doc_52_can_i_request_a_product_if_it_;1;1;0;0.5;1.0;0.0
Do you offer size alerts for products that are out of stock?;doc_52_can_i_request_a_product_if_it_;0;0;0;0.0;0.0;0.0
If my size is missing, should I wait and check again later?;doc_52_can_i_request_a_product_if_it_;1;0;0;1.0;0.0;0.0
Is there a way to get notified when my size comes back for a product?;doc_52_can_i_request_a_product_if_it_;1;1;0;1.0;1.0;0.0
Can I still buy a product that shows as coming soon if it lets me pre-order?;doc_53_can_i_order_a_product_if_it_is;1;1;0;1.0;0.3333333333333333;0.0
If an item is marked coming soon, does pre-order mean I can reserve it now?;doc_53_can_i_order_a_product_if_it_is;1;1;0;1.0;0.3333333333333333;0.0
How does ordering work for a product that's not out yet but has pre-order available?;doc_53_can_i_order_a_product_if_it_is;1;0;0;0.2;0.0;0.0
Will I be able to place an order before release when a product is listed as coming soon?;doc_53_can_i_order_a_product_if_it_is;1;1;0;0.5;0.1111111111111111;0.0
Does pre-ordering a coming soon item secure it before it becomes available?;doc_53_can_i_order_a_product_if_it_is;1;1;0;1.0;0.5;0.0
If I used a discount code on my order, can I still send the item back?;doc_54_can_i_return_a_product_if_it_w;1;0;0;0.3333333333333333;0.0;0.0
How does the refund work when the product was bought with a promo code?;doc_54_can_i_return_a_product_if_it_w;1;1;0;0.5;0.3333333333333333;0.0
Can discounted purchases be returned like regular items?;doc_54_can_i_return_a_product_if_it_w;0;0;0;0.0;0.0;0.0
Will I get refunded the full price or only what I actually paid after the discount?;doc_54_can_i_return_a_product_if_it_w;0;0;0;0.0;0.0;0.0
If I return something I bought with a coupon code, how much money do I get back?;doc_54_can_i_return_a_product_if_it_w;1;1;0;1.0;0.1111111111111111;0.0
Do you offer custom orders or personalized items at all?;doc_55_can_i_request_a_custom_order_o;1;1;0;1.0;0.14285714285714285;0.0
Is there any way to get a product customized before I buy it?;doc_55_can_i_request_a_custom_order_o;0;0;0;0.0;0.0;0.0
Can I ask for a personal design or made-to-order version of your products?;doc_55_can_i_request_a_custom_order_o;0;0;0;0.0;0.0;0.0
Do you make special requests or custom pieces for customers?;doc_55_can_i_request_a_custom_order_o;1;0;0;0.5;0.0;0.0
If I want something personalized, can you help with that?;doc_55_can_i_request_a_custom_order_o;1;0;0;1.0;0.0;0.0
Can I still buy something that says temporarily unavailable, or is it out of stock for now?;doc_56_can_i_order_a_product_if_it_is;1;1;0;0.5;0.3333333333333333;0.0
If an item is marked temporarily unavailable, does that mean it’ll come back later?;doc_56_can_i_order_a_product_if_it_is;1;1;0;1.0;0.25;0.0
What should I do when a product is unavailable right now — just wait, or can I get notified?;doc_56_can_i_order_a_product_if_it_is;1;1;0;0.25;0.125;0.0
Is there any way to order a temporarily unavailable product, or do I need to check back later?;doc_56_can_i_order_a_product_if_it_is;1;1;0;1.0;1.0;0.0
Do temporarily unavailable items get restocked, and can I sign up for alerts?;doc_56_can_i_order_a_product_if_it_is;1;1;0;1.0;0.14285714285714285;0.0
Can I return something if I damaged it by using it the wrong way?;doc_57_can_i_return_a_product_if_it_w;1;0;0;0.3333333333333333;0.0;0.0
Does your return policy cover items that got broken after improper use?;doc_57_can_i_return_a_product_if_it_w;1;1;0;0.5;0.125;0.0
If a product was damaged because I used it incorrectly, can I still send it back?;doc_57_can_i_return_a_product_if_it_w;1;0;0;0.5;0.0;0.0
Are products damaged by misuse eligible for a return or refund?;doc_57_can_i_return_a_product_if_it_w;1;1;0;0.16666666666666666;0.5;0.0
Who should I contact if my item was damaged from improper use and I want help?;doc_57_can_i_return_a_product_if_it_w;1;0;0;1.0;0.0;0.0
If something says coming soon but I can’t pre-order it, can I still request it somehow?;doc_58_can_i_request_a_product_if_it_;1;1;0;1.0;0.14285714285714285;0.0
What do I do when a product is marked coming soon but there’s no pre-order option?;doc_58_can_i_request_a_product_if_it_;1;0;0;0.5;0.0;0.0
Is there any way to buy or reserve an item that’s coming soon if pre-order isn’t available?;doc_58_can_i_request_a_product_if_it_;1;1;0;0.25;0.5;0.0
For products listed as coming soon without pre-order, do I just have to wait for release?;doc_58_can_i_request_a_product_if_it_;1;1;0;0.25;0.5;0.0
Can I get notified or request a coming soon product before it actually goes on sale?;doc_58_can_i_request_a_product_if_it_;1;0;0;1.0;0.0;0.0
Can I still buy something if it says on hold?;doc_59_can_i_order_a_product_if_it_is;1;0;0;1.0;0.0;0.0
What does it mean when a product is listed as on hold?;doc_59_can_i_order_a_product_if_it_is;1;1;0;1.0;0.1111111111111111;0.0
Is there any way to order an item that’s currently on hold?;doc_59_can_i_order_a_product_if_it_is;1;0;0;1.0;0.0;0.0
Should I just wait or can I get notified when an on-hold product is back?;doc_59_can_i_order_a_product_if_it_is;1;0;0;1.0;0.0;0.0
Why can’t I add an on-hold product to my cart?;doc_59_can_i_order_a_product_if_it_is;1;0;0;0.5;0.0;0.0
Can I still return something if I lost the receipt?;doc_60_can_i_return_a_product_if_i_no;1;1;0;1.0;0.25;0.0
Do I need the original receipt to make a return?;doc_60_can_i_return_a_product_if_i_no;1;1;0;1.0;0.14285714285714285;0.0
What happens if I want to return an item but don't have the receipt anymore?;doc_60_can_i_return_a_product_if_i_no;1;1;0;1.0;0.1111111111111111;0.0
Is a receipt required for returns, or can customer support help without one?;doc_60_can_i_return_a_product_if_i_no;1;0;0;0.3333333333333333;0.0;0.0
How do I start a return if I can't find my proof of purchase?;doc_60_can_i_return_a_product_if_i_no;0;1;0;0.0;0.14285714285714285;0.0
Can a limited edition item come back after it sells out, or is it gone for good?;doc_61_can_i_request_a_product_that_i;1;0;0;0.5;0.0;0.0
If a product is marked limited edition and it’s sold out, can I still ask for a restock?;doc_61_can_i_request_a_product_that_i;1;1;0;0.3333333333333333;0.2;0.0
Do you ever restock limited edition products once they’re gone?;doc_61_can_i_request_a_product_that_i;1;1;0;0.3333333333333333;1.0;0.0
Should I buy a limited edition item right away because it might not be available again?;doc_61_can_i_request_a_product_that_i;1;0;0;1.0;0.0;0.0
What happens when a limited edition product sells out—can it be reordered later?;doc_61_can_i_request_a_product_that_i;1;1;0;1.0;1.0;0.0
Can I still buy a product if it shows as discontinued on the website?;doc_62_can_i_order_a_product_if_it_is;1;1;0;1.0;0.1111111111111111;0.0
What does it mean when an item is marked discontinued but still appears online?;doc_62_can_i_order_a_product_if_it_is;1;0;0;1.0;0.0;0.0
If a discontinued product is still visible, is that a website error or can I order it?;doc_62_can_i_order_a_product_if_it_is;1;0;0;1.0;0.0;0.0
Should I contact support if I see a discontinued item still listed on the site?;doc_62_can_i_order_a_product_if_it_is;1;0;0;1.0;0.0;0.0
Why is a product listed as discontinued but not removed from the website?;doc_62_can_i_order_a_product_if_it_is;1;1;0;1.0;0.125;0.0
Are clearance items eligible for returns or refunds?;doc_63_can_i_return_a_product_if_it_w;1;0;0;1.0;0.0;0.0
If I bought something on final sale, can I send it back?;doc_63_can_i_return_a_product_if_it_w;1;0;0;0.5;0.0;0.0
Do clearance products count as non-returnable?;doc_63_can_i_return_a_product_if_it_w;1;0;0;0.5;0.0;0.0
Is it possible to get a refund on a final sale item?;doc_63_can_i_return_a_product_if_it_w;1;0;0;0.5;0.0;0.0
How can I check whether a clearance item is returnable before I buy it?;doc_63_can_i_return_a_product_if_it_w;1;0;0;1.0;0.0;0.0
If something isn't listed on your site, can I still ask for it or order it somehow?;doc_64_can_i_request_a_product_if_it_;1;1;1;0.5;1.0;0.25
What should I do if the product I want doesn't appear on the website?;doc_64_can_i_request_a_product_if_it_;1;1;1;0.2;0.3333333333333333;0.25
Do you offer any way to get items that aren't shown in your online catalog?;doc_64_can_i_request_a_product_if_it_;0;1;1;0.0;0.5;0.25
Should I contact support if I can't find a product on your website?;doc_64_can_i_request_a_product_if_it_;1;1;1;1.0;1.0;0.25
If a product isn't available online, is it completely unavailable for purchase?;doc_64_can_i_request_a_product_if_it_;0;1;1;0.0;0.14285714285714285;0.25
Can I still buy something that says out of stock if backorder is allowed?;doc_65_can_i_order_a_product_if_it_is;1;1;0;0.5;0.14285714285714285;0.0
If an item is out of stock but backorderable, can I place the order anyway?;doc_65_can_i_order_a_product_if_it_is;1;1;0;0.5;1.0;0.0
Do you let customers order products that are currently out of stock for backorder?;doc_65_can_i_order_a_product_if_it_is;1;1;0;0.3333333333333333;0.16666666666666666;0.0
When a product is marked out of stock with backorder, can I secure it now and get it later?;doc_65_can_i_order_a_product_if_it_is;1;0;0;1.0;0.0;0.0
Will my order go through for an out-of-stock item if it’s available on backorder?;doc_65_can_i_order_a_product_if_it_is;1;1;0;1.0;0.16666666666666666;0.0
Can I return something I bought as part of a bundle or set?;doc_66_can_i_return_a_product_if_it_w;1;1;0;1.0;1.0;0.0
If I purchased an item in a set, is the return policy different?;doc_66_can_i_return_a_product_if_it_w;1;1;0;0.5;0.5;0.0
Are returns allowed for products that came in a bundle?;doc_66_can_i_return_a_product_if_it_w;1;0;0;0.25;0.0;0.0
What happens if I want to return only one item from a set?;doc_66_can_i_return_a_product_if_it_w;1;1;0;0.5;0.16666666666666666;0.0
Do I need to check special terms before returning a bundled product?;doc_66_can_i_return_a_product_if_it_w;0;0;0;0.0;0.0;0.0
Is it possible to ask for an out-of-stock item to come back in stock?;doc_67_can_i_request_a_product_that_i;1;1;0;0.2;0.3333333333333333;0.0
How can I get notified when a sold-out product is available again?;doc_67_can_i_request_a_product_that_i;0;1;0;0.0;0.14285714285714285;0.0
Do you restock popular products, and can I be alerted when they return?;doc_67_can_i_request_a_product_that_i;1;0;0;0.1111111111111111;0.0;0.0
What should I do if the item I want is currently out of stock?;doc_67_can_i_request_a_product_that_i;1;0;0;0.1;0.0;0.0
Can I sign up for alerts so I know when a product is restocked?;doc_67_can_i_request_a_product_that_i;1;1;0;0.25;0.2;0.0
Can I still buy something that says coming soon and is open for pre-order?;doc_68_can_i_order_a_product_if_it_is;1;1;0;1.0;0.3333333333333333;0.0
If an item is marked coming soon, does that mean I can place a pre-order for it now?;doc_68_can_i_order_a_product_if_it_is;1;1;0;0.5;1.0;0.0
How does ordering work for products that aren't out yet but show pre-order availability?;doc_68_can_i_order_a_product_if_it_is;0;0;0;0.0;0.0;0.0
Is it possible to secure a product before release if the page says coming soon?;doc_68_can_i_order_a_product_if_it_is;1;0;0;0.5;0.0;0.0
Do coming soon products let me order ahead of time so I don't miss it?;doc_68_can_i_order_a_product_if_it_is;1;0;0;0.25;0.0;0.0
What should I do if my item arrives damaged from shipping mishandling?;doc_69_can_i_return_a_product_if_it_w;1;0;0;0.25;0.0;0.0
Can I send back a product that got damaged during delivery?;doc_69_can_i_return_a_product_if_it_w;1;0;0;0.5;0.0;0.0
If something was broken in transit, how do I start a return or replacement?;doc_69_can_i_return_a_product_if_it_w;0;0;0;0.0;0.0;0.0
Do I need to contact support first if my package was damaged while shipping?;doc_69_can_i_return_a_product_if_it_w;1;1;0;0.3333333333333333;0.25;0.0
How do returns work when the damage happened because of shipping mishandling?;doc_69_can_i_return_a_product_if_it_w;1;1;0;0.5;0.16666666666666666;0.0
Can I reserve an item that’s currently out of stock?;doc_70_can_i_request_a_product_that_i;1;1;1;0.125;0.125;0.16666666666666666
Do you offer holds or reservations for products that aren’t available right now?;doc_70_can_i_request_a_product_that_i;0;1;1;0.0;0.1111111111111111;0.16666666666666666
If something is sold out, can I ask for it to be saved for me?;doc_70_can_i_request_a_product_that_i;1;1;1;0.5;0.5;0.16666666666666666
Is there any way to get a reservation on an out-of-stock product?;doc_70_can_i_request_a_product_that_i;1;1;1;0.16666666666666666;1.0;0.16666666666666666
What can I do if I want to know when an out-of-stock item is back?;doc_70_can_i_request_a_product_that_i;1;1;1;0.14285714285714285;1.0;0.16666666666666666
If something says pre-order and backorder, can I still buy it now?;doc_71_can_i_order_a_product_if_it_is;1;1;0;1.0;0.125;0.0
Does a pre-order item on backorder let me place an order right away?;doc_71_can_i_order_a_product_if_it_is;1;1;0;0.5;0.16666666666666666;0.0
Can I secure a product that is marked pre-order but also available for backorder?;doc_71_can_i_order_a_product_if_it_is;1;1;0;1.0;0.3333333333333333;0.0
When a product is listed as pre-order with backorder available, do I pay now and get it later?;doc_71_can_i_order_a_product_if_it_is;1;1;0;1.0;0.1111111111111111;0.0
Will my order go through for an item that’s pre-order and backorderable?;doc_71_can_i_order_a_product_if_it_is;1;1;0;0.14285714285714285;0.3333333333333333;0.0
Can I return something I bought with store credit and get store credit back?;doc_72_can_i_return_a_product_if_it_w;1;1;0;1.0;0.3333333333333333;0.0
If I used store credit to pay for an item, can I still return it later?;doc_72_can_i_return_a_product_if_it_w;1;1;0;1.0;0.1111111111111111;0.0
What happens when I return a product purchased with store credit?;doc_72_can_i_return_a_product_if_it_w;1;1;0;1.0;0.5;0.0
Do refunds for items bought with store credit come back as store credit too?;doc_72_can_i_return_a_product_if_it_w;1;0;0;1.0;0.0;0.0
Is it possible to return an order paid with store credit and use the refund on a future purchase?;doc_72_can_i_return_a_product_if_it_w;1;0;0;1.0;0.0;0.0
How can I get notified when an out-of-stock item is available again?;doc_73_can_i_request_a_product_that_i;1;0;0;0.16666666666666666;0.0;0.0
Is there a way to sign up for restock alerts on a sold-out product?;doc_73_can_i_request_a_product_that_i;1;0;0;0.16666666666666666;0.0;0.0
Do you restock popular items, and can I be notified when they come back?;doc_73_can_i_request_a_product_that_i;0;0;0;0.0;0.0;0.0
Can I request an item that’s out of stock to be restocked and get an update?;doc_73_can_i_request_a_product_that_i;1;0;0;0.5;0.0;0.0
What should I do if the product I want is sold out right now?;doc_73_can_i_request_a_product_that_i;0;1;0;0.0;0.25;0.0
Can I still buy something that says sold out if it’s available for pre-order?;doc_74_can_i_order_a_product_if_it_is;1;1;0;1.0;0.2;0.0
If an item is marked sold out but has a pre-order option, can I place an order now?;doc_74_can_i_order_a_product_if_it_is;1;1;0;1.0;0.3333333333333333;0.0
How does pre-order work when the product page shows sold out?;doc_74_can_i_order_a_product_if_it_is;1;1;0;0.5;0.16666666666666666;0.0
Will I be able to secure a product that’s out of stock by pre-ordering it?;doc_74_can_i_order_a_product_if_it_is;1;1;0;0.1;0.125;0.0
If I pre-order a sold out item, does that mean it will ship later when it’s back?;doc_74_can_i_order_a_product_if_it_is;1;1;0;1.0;0.1111111111111111;0.0
If I buy something with a promo gift card, can I still return it?;doc_75_can_i_return_a_product_if_it_w;1;0;0;0.5;0.0;0.0
When I return an item paid for with a promotional gift card, do I get cash back or store credit?;doc_75_can_i_return_a_product_if_it_w;1;1;0;1.0;0.1;0.0
Can products purchased using a promo gift card be refunded to the original payment method?;doc_75_can_i_return_a_product_if_it_w;1;1;0;0.5;0.25;0.0
What happens to my refund if the order was paid with a promotional gift card?;doc_75_can_i_return_a_product_if_it_w;1;1;0;1.0;0.5;0.0
Is it possible to return an item bought with a promotional gift card and get a new gift card instead?;doc_75_can_i_return_a_product_if_it_w;1;1;0;1.0;1.0;0.0
If the color I want is out of stock, can I still request it somehow?;doc_76_can_i_request_a_product_if_it_;1;0;0;0.1111111111111111;0.0;0.0
What should I do if a product isn't available in my preferred color right now?;doc_76_can_i_request_a_product_if_it_;1;1;0;1.0;1.0;0.0
Is there a way to get notified when a product comes back in the color I want?;doc_76_can_i_request_a_product_if_it_;1;0;0;1.0;0.0;0.0
Should I just check back later if my preferred color is unavailable?;doc_76_can_i_request_a_product_if_it_;1;1;0;1.0;0.125;0.0
Does unavailable in my color mean it's only temporary, and not gone for good?;doc_76_can_i_request_a_product_if_it_;1;1;0;1.0;0.5;0.0
"Is there any way to buy a product that says ""coming soon"" but doesn't offer pre-order?";doc_77_can_i_order_a_product_if_it_is;1;1;0;0.2;0.5;0.0
If an item is marked coming soon and pre-order isn't available, can I still place an order now?;doc_77_can_i_order_a_product_if_it_is;1;1;0;0.5;1.0;0.0
Do I have to wait until release day if a product is coming soon but not open for pre-order?;doc_77_can_i_order_a_product_if_it_is;1;1;0;0.3333333333333333;1.0;0.0
Why can't I order a product that's listed as coming soon unless it's actually released?;doc_77_can_i_order_a_product_if_it_is;1;1;0;0.25;0.3333333333333333;0.0
When a product is coming soon, does it become available only after the official release?;doc_77_can_i_order_a_product_if_it_is;1;1;0;0.25;0.25;0.0
If I bought something during a promo sale, can I still return it?;doc_78_can_i_return_a_product_if_it_w;1;0;0;0.2;0.0;0.0
Will I get refunded for the discounted price if the item was bought in a promotional event?;doc_78_can_i_return_a_product_if_it_w;1;1;0;0.5;1.0;0.0
Are returns allowed for products purchased on promotion or sale?;doc_78_can_i_return_a_product_if_it_w;0;0;0;0.0;0.0;0.0
If I return an item I got with a discount, how is the refund calculated?;doc_78_can_i_return_a_product_if_it_w;0;0;0;0.0;0.0;0.0
Can I send back a product bought during a special offer and get my money back?;doc_78_can_i_return_a_product_if_it_w;1;1;0;0.3333333333333333;0.2;0.0
