question,answer_llm,answer_orig,document
How do I make an account on your website?,"To create an account, click on the **“Sign Up”** button in the **top right corner** of the website and follow the instructions to complete the registration process.","To create an account, click on the 'Sign Up' button on the top right corner of our website and follow the instructions to complete the registration process.",qDNpG85o
Where do I click to sign up for a new account?,Click the **“Sign Up”** button in the **top right corner** of the website.,"To create an account, click on the 'Sign Up' button on the top right corner of our website and follow the instructions to complete the registration process.",qDNpG85o
What’s the easiest way to register on your site?,I don't know.,"To create an account, click on the 'Sign Up' button on the top right corner of our website and follow the instructions to complete the registration process.",qDNpG85o
Can you tell me how to create an account online?,"To create an account, click the **“Sign Up”** button in the top right corner of the website and follow the instructions to complete the registration process.","To create an account, click on the 'Sign Up' button on the top right corner of our website and follow the instructions to complete the registration process.",qDNpG85o
How do I complete the account registration process?,"To complete the account registration process, click the **“Sign Up”** button in the top right corner of the website and follow the instructions provided.","To create an account, click on the 'Sign Up' button on the top right corner of our website and follow the instructions to complete the registration process.",qDNpG85o
What payment options can I use when placing an online order?,"We accept major credit cards, debit cards, and PayPal for online orders.","We accept major credit cards, debit cards, and PayPal as payment methods for online orders.",2mJCxUVM
"Do you take credit cards, debit cards, and PayPal?","Yes, we accept major credit cards, debit cards, and PayPal for online orders.","We accept major credit cards, debit cards, and PayPal as payment methods for online orders.",2mJCxUVM
Can I pay for my order with PayPal?,I don't know.,"We accept major credit cards, debit cards, and PayPal as payment methods for online orders.",2mJCxUVM
Which card types are accepted for checkout?,I don't know.,"We accept major credit cards, debit cards, and PayPal as payment methods for online orders.",2mJCxUVM
Are debit cards accepted as a payment method online?,"Yes, debit cards are accepted as a payment method for online orders.","We accept major credit cards, debit cards, and PayPal as payment methods for online orders.",2mJCxUVM
How do I find the tracking info for my order after I log in?,"Log into your account and go to the **Order History** section. There, you’ll find the tracking information for your shipment.","You can track your order by logging into your account and navigating to the 'Order History' section. There, you will find the tracking information for your shipment.",LOdDd5N3
Where can I see my shipment tracking details in my account?,Log into your account and go to the **Order History** section. That’s where you can see your shipment tracking details.,"You can track your order by logging into your account and navigating to the 'Order History' section. There, you will find the tracking information for your shipment.",LOdDd5N3
Is there a place in Order History where I can track my package?,"Yes. You can log into your account and go to the **Order History** section, where you’ll find the tracking information for your shipment.","You can track your order by logging into your account and navigating to the 'Order History' section. There, you will find the tracking information for your shipment.",LOdDd5N3
What do I need to do to check the status of my order online?,I don't know.,"You can track your order by logging into your account and navigating to the 'Order History' section. There, you will find the tracking information for your shipment.",LOdDd5N3
How can I view my order tracking information from my account?,"Log into your account and go to the **Order History** section. There, you’ll find the tracking information for your shipment.","You can track your order by logging into your account and navigating to the 'Order History' section. There, you will find the tracking information for your shipment.",LOdDd5N3
How long do I have to return an item for a full refund?,"You have 30 days from the date of purchase to return an item for a full refund, as long as it is in its original condition and packaging.","Our return policy allows you to return products within 30 days of purchase for a full refund, provided they are in their original condition and packaging. Please refer to our Returns page for detailed instructions.",vxC9JJ39
Can I send back a product if it’s still in the original packaging?,"Yes. If you changed your mind, you can return a product as long as it’s in its original condition and packaging.","Our return policy allows you to return products within 30 days of purchase for a full refund, provided they are in their original condition and packaging. Please refer to our Returns page for detailed instructions.",vxC9JJ39
What condition does the item need to be in to qualify for a return?,The item needs to be in its **original condition and packaging** to qualify for a return.,"Our return policy allows you to return products within 30 days of purchase for a full refund, provided they are in their original condition and packaging. Please refer to our Returns page for detailed instructions.",vxC9JJ39
Where can I find the instructions for making a return?,You can find the instructions on our **Returns page**.,"Our return policy allows you to return products within 30 days of purchase for a full refund, provided they are in their original condition and packaging. Please refer to our Returns page for detailed instructions.",vxC9JJ39
Do you accept returns after 30 days from the date of purchase?,I don’t know.,"Our return policy allows you to return products within 30 days of purchase for a full refund, provided they are in their original condition and packaging. Please refer to our Returns page for detailed instructions.",vxC9JJ39
Can I still cancel my order before it ships?,"Yes — you can cancel your order if it has not been shipped yet. Please contact our customer support team with your order details as soon as possible, and they will help with the cancellation.","You can cancel your order if it has not been shipped yet. Please contact our customer support team with your order details, and we will assist you with the cancellation process.",SrEfuZvN
How do I cancel an order I just placed?,"If your order has not been shipped yet, you can cancel it by contacting our customer support team as soon as possible with your order details. They will assist you with the cancellation process.","You can cancel your order if it has not been shipped yet. Please contact our customer support team with your order details, and we will assist you with the cancellation process.",SrEfuZvN
Who should I contact to cancel my order?,Please contact our customer support team with your order details.,"You can cancel your order if it has not been shipped yet. Please contact our customer support team with your order details, and we will assist you with the cancellation process.",SrEfuZvN
What order details do you need for a cancellation request?,Please contact customer support with your **order details**.,"You can cancel your order if it has not been shipped yet. Please contact our customer support team with your order details, and we will assist you with the cancellation process.",SrEfuZvN
Is it too late to cancel if my order has already shipped?,I don’t know.,"You can cancel your order if it has not been shipped yet. Please contact our customer support team with your order details, and we will assist you with the cancellation process.",SrEfuZvN
How many days does standard shipping usually take?,Standard shipping usually takes **3-5 business days**.,"Shipping times vary depending on the destination and the shipping method chosen. Standard shipping usually takes 3-5 business days, while express shipping can take 1-2 business days.",NDmNmTdj
What’s the delivery time for express shipping?,Express shipping can take **1–2 business days**.,"Shipping times vary depending on the destination and the shipping method chosen. Standard shipping usually takes 3-5 business days, while express shipping can take 1-2 business days.",NDmNmTdj
Does shipping speed change based on where it’s going?,Yes. Shipping times vary depending on the destination and the shipping method chosen.,"Shipping times vary depending on the destination and the shipping method chosen. Standard shipping usually takes 3-5 business days, while express shipping can take 1-2 business days.",NDmNmTdj
How long should I expect my order to take if I pick standard delivery?,Standard delivery usually takes **3–5 business days**.,"Shipping times vary depending on the destination and the shipping method chosen. Standard shipping usually takes 3-5 business days, while express shipping can take 1-2 business days.",NDmNmTdj
Is express shipping really 1-2 business days?,"Express shipping can take 1–2 business days, according to the context.","Shipping times vary depending on the destination and the shipping method chosen. Standard shipping usually takes 3-5 business days, while express shipping can take 1-2 business days.",NDmNmTdj
"Do you ship outside the country, and if so, which countries do you deliver to?","Yes, we offer international shipping to select countries. The available destinations and shipping costs are calculated during checkout based on your location.","Yes, we offer international shipping to select countries. The availability and shipping costs will be calculated during the checkout process based on your location.",OQ1RUfJr
How can I check whether international shipping is available for my address?,"You can check during checkout: the available shipping destinations and shipping costs are calculated based on your location. If needed, you can also contact customer support for assistance.","Yes, we offer international shipping to select countries. The availability and shipping costs will be calculated during the checkout process based on your location.",OQ1RUfJr
Will the shipping fee be shown before I place an order if I'm overseas?,I don't know.,"Yes, we offer international shipping to select countries. The availability and shipping costs will be calculated during the checkout process based on your location.",OQ1RUfJr
Does checkout calculate international delivery costs automatically based on where I live?,Yes. The availability and shipping costs are calculated during checkout based on your location.,"Yes, we offer international shipping to select countries. The availability and shipping costs will be calculated during the checkout process based on your location.",OQ1RUfJr
Are there any limits on which locations you can ship to internationally?,I don't know.,"Yes, we offer international shipping to select countries. The availability and shipping costs will be calculated during the checkout process based on your location.",OQ1RUfJr
What do I need to do if my package gets lost in transit?,"If your package gets lost in transit, please contact our customer support team immediately. They will initiate an investigation and take the necessary steps to resolve the issue.","If your package is lost or damaged during transit, please contact our customer support team immediately. We will initiate an investigation and take the necessary steps to resolve the issue.",T7oEJmKa
Who should I contact if my order arrives damaged?,Please contact our customer support team immediately.,"If your package is lost or damaged during transit, please contact our customer support team immediately. We will initiate an investigation and take the necessary steps to resolve the issue.",T7oEJmKa
"If a package goes missing or is damaged, how do I report it?","If your package goes missing or is damaged, please contact our customer support team immediately. They will start an investigation and help resolve the issue.","If your package is lost or damaged during transit, please contact our customer support team immediately. We will initiate an investigation and take the necessary steps to resolve the issue.",T7oEJmKa
What happens if my shipment is lost or damaged during delivery?,"If your shipment is lost or damaged during delivery, please contact our customer support team immediately. They will initiate an investigation and help resolve the issue, including any needed return, replacement, or repair steps.","If your package is lost or damaged during transit, please contact our customer support team immediately. We will initiate an investigation and take the necessary steps to resolve the issue.",T7oEJmKa
Do I need to reach out to support right away if my package is damaged?,"Yes. If your package is lost or damaged during transit, you should contact customer support immediately.","If your package is lost or damaged during transit, please contact our customer support team immediately. We will initiate an investigation and take the necessary steps to resolve the issue.",T7oEJmKa
How can I update my shipping address after I’ve already placed an order?,Please contact our customer support team as soon as possible. We’ll do our best to update your shipping address if the order hasn’t been shipped yet.,"If you need to change your shipping address, please contact our customer support team as soon as possible. We will do our best to update the address if the order has not been shipped yet.",GGIkGgdn
Is it still possible to change the delivery address once my order is in?,"Yes—if the order hasn’t been shipped yet, you can try to change the shipping address by contacting customer support as soon as possible. They’ll do their best to update it.","If you need to change your shipping address, please contact our customer support team as soon as possible. We will do our best to update the address if the order has not been shipped yet.",GGIkGgdn
What should I do if I entered the wrong shipping address on my order?,"If you entered the wrong shipping address, contact our customer support team as soon as possible. They will do their best to update the address if the order has not been shipped yet.","If you need to change your shipping address, please contact our customer support team as soon as possible. We will do our best to update the address if the order has not been shipped yet.",GGIkGgdn
Can customer support help me change my address before my package ships?,"Yes. You should contact customer support as soon as possible, and they will do their best to update your shipping address if the order has not been shipped yet.","If you need to change your shipping address, please contact our customer support team as soon as possible. We will do our best to update the address if the order has not been shipped yet.",GGIkGgdn
Will my shipping address be updated if I contact you soon after ordering?,"Yes, if you contact customer support as soon as possible after ordering, they will do their best to update your shipping address as long as the order has not been shipped yet.","If you need to change your shipping address, please contact our customer support team as soon as possible. We will do our best to update the address if the order has not been shipped yet.",GGIkGgdn
What’s the best way to get in touch with customer support if I have an issue?,You can contact customer support by phone at [phone number] or by email at [email address]. They’re available during [working hours].,You can contact our customer support team by phone at [phone number] or by email at [email address]. Our team is available [working hours] to assist you with any inquiries or issues you may have.,MQAE6dna
Do you have a phone number or email I can use to contact support?,Yes — you can contact support by phone at **[phone number]** or by email at **[email address]**.,You can contact our customer support team by phone at [phone number] or by email at [email address]. Our team is available [working hours] to assist you with any inquiries or issues you may have.,MQAE6dna
When is your customer service team available to help with questions?,Our customer service team is available during **[working hours]** to assist you with any inquiries or issues you may have.,You can contact our customer support team by phone at [phone number] or by email at [email address]. Our team is available [working hours] to assist you with any inquiries or issues you may have.,MQAE6dna
How can I reach support if I need help with an order or other problem?,You can contact customer support by phone at [phone number] or by email at [email address]. They’re available during [working hours] to help with orders or other issues.,You can contact our customer support team by phone at [phone number] or by email at [email address]. Our team is available [working hours] to assist you with any inquiries or issues you may have.,MQAE6dna
Is there a way to contact your support team outside of working hours?,I don't know.,You can contact our customer support team by phone at [phone number] or by email at [email address]. Our team is available [working hours] to assist you with any inquiries or issues you may have.,MQAE6dna
"Do you provide gift wrapping for orders, and is there an extra charge?","Yes, we offer gift wrapping for an additional fee. You can select the gift wrapping option during checkout.","Yes, we offer gift wrapping services for an additional fee. During the checkout process, you can select the option to add gift wrapping to your order.",nVIMH2Hu
Can I add gift wrapping when I check out?,"Yes, you can add gift wrapping during checkout for an additional fee.","Yes, we offer gift wrapping services for an additional fee. During the checkout process, you can select the option to add gift wrapping to your order.",nVIMH2Hu
Is gift wrapping available if I want to send something as a present?,"Yes, gift wrapping is available for an additional fee. You can select it during checkout when placing the order.","Yes, we offer gift wrapping services for an additional fee. During the checkout process, you can select the option to add gift wrapping to your order.",nVIMH2Hu
How do I choose the gift wrap option during checkout?,"During checkout, select the option to add gift wrapping to your order. It’s available for an additional fee.","Yes, we offer gift wrapping services for an additional fee. During the checkout process, you can select the option to add gift wrapping to your order.",nVIMH2Hu
Does your store charge a fee for gift wrapping my order?,"Yes, gift wrapping is available for an additional fee. You can add it during checkout.","Yes, we offer gift wrapping services for an additional fee. During the checkout process, you can select the option to add gift wrapping to your order.",nVIMH2Hu
Do you price match if I find the same item cheaper on another website?,Yes. We have a price matching policy for identical products found on a competitor’s website. Please contact our customer support team with the product details and the competitor’s offer.,We have a price matching policy where we will match the price of an identical product found on a competitor's website. Please contact our customer support team with the details of the product and the competitor's offer.,pQerwgGR
What do I need to send you to request a price match?,Please contact customer support with the details of the product and the competitor’s offer.,We have a price matching policy where we will match the price of an identical product found on a competitor's website. Please contact our customer support team with the details of the product and the competitor's offer.,pQerwgGR
Will you match an identical product from a competitor's online store?,Yes. We have a price matching policy and will match the price of an identical product found on a competitor’s website. Please contact customer support with the product details and the competitor’s offer.,We have a price matching policy where we will match the price of an identical product found on a competitor's website. Please contact our customer support team with the details of the product and the competitor's offer.,pQerwgGR
Who should I contact about getting a lower price honored?,Please contact our customer support team by phone or email with the details of the product and the competitor’s offer.,We have a price matching policy where we will match the price of an identical product found on a competitor's website. Please contact our customer support team with the details of the product and the competitor's offer.,pQerwgGR
Does your price matching apply to products sold on competitor websites?,Yes. We match the price of an identical product found on a competitor’s website. Please contact customer support with the product details and the competitor’s offer.,We have a price matching policy where we will match the price of an identical product found on a competitor's website. Please contact our customer support team with the details of the product and the competitor's offer.,pQerwgGR
"Can I place an order over the phone, or do I need to use the website?","No, we do not accept orders over the phone. Please place your order through our website for a smooth and secure transaction.","Unfortunately, we do not accept orders over the phone. Please place your order through our website for a smooth and secure transaction.",WjdX35YM
Why don't you accept phone orders?,I don't know.,"Unfortunately, we do not accept orders over the phone. Please place your order through our website for a smooth and secure transaction.",WjdX35YM
Is there any way to order without going online?,I don't know.,"Unfortunately, we do not accept orders over the phone. Please place your order through our website for a smooth and secure transaction.",WjdX35YM
How should I complete my order if phone ordering isn't available?,Please place your order through our website for a smooth and secure transaction.,"Unfortunately, we do not accept orders over the phone. Please place your order through our website for a smooth and secure transaction.",WjdX35YM
Do you only take orders through your website?,"Yes, orders are placed through our website. We do not accept orders over the phone.","Unfortunately, we do not accept orders over the phone. Please place your order through our website for a smooth and secure transaction.",WjdX35YM
How secure are my personal and payment details when I shop here?,"Yes, we take the security of your personal and payment details seriously. We use industry-standard encryption and strict security protocols to protect your information.","Yes, we take the security of your personal and payment details seriously. We use industry-standard encryption and follow strict security protocols to ensure your information is protected.",ReZBFLXz
Do you use encryption to protect my payment information?,Yes. We use industry-standard encryption and strict security protocols to protect your personal and payment details.,"Yes, we take the security of your personal and payment details seriously. We use industry-standard encryption and follow strict security protocols to ensure your information is protected.",ReZBFLXz
What steps do you take to keep my personal details safe?,We take the security of your personal and payment details seriously. We use industry-standard encryption and follow strict security protocols to protect your information.,"Yes, we take the security of your personal and payment details seriously. We use industry-standard encryption and follow strict security protocols to ensure your information is protected.",ReZBFLXz
Can I trust that my checkout and payment info are protected?,"Yes. The security of your personal and payment details is taken seriously, and the site uses industry-standard encryption along with strict security protocols to protect your information.","Yes, we take the security of your personal and payment details seriously. We use industry-standard encryption and follow strict security protocols to ensure your information is protected.",ReZBFLXz
What security measures are in place for customer data and payments?,Yes. The company says it uses industry-standard encryption and strict security protocols to protect personal and payment details.,"Yes, we take the security of your personal and payment details seriously. We use industry-standard encryption and follow strict security protocols to ensure your information is protected.",ReZBFLXz
Do you offer a price adjustment if something I bought goes on sale a few days later?,"Yes. If a product you purchased goes on sale within 7 days of your purchase, you can request a one-time price adjustment by contacting customer support with your order details.","If a product you purchased goes on sale within 7 days of your purchase, we offer a one-time price adjustment. Please contact our customer support team with your order details to request the adjustment.",a5GtrKth
How long after my purchase can I ask for a price adjustment?,You can request a price adjustment if the product goes on sale within 7 days of your purchase.,"If a product you purchased goes on sale within 7 days of your purchase, we offer a one-time price adjustment. Please contact our customer support team with your order details to request the adjustment.",a5GtrKth
Is there a limit to how many times I can request a price match or adjustment?,"Yes for price adjustments: the policy says it is a **one-time price adjustment** if the product goes on sale within 7 days of purchase.

For price matching, the context does **not** mention any limit on how many times you can request it.

","If a product you purchased goes on sale within 7 days of your purchase, we offer a one-time price adjustment. Please contact our customer support team with your order details to request the adjustment.",a5GtrKth
What info do I need to give customer support to get a price adjustment?,"To request a price adjustment, contact customer support with your **order details**. The policy says the product must have gone on sale **within 7 days of your purchase**.","If a product you purchased goes on sale within 7 days of your purchase, we offer a one-time price adjustment. Please contact our customer support team with your order details to request the adjustment.",a5GtrKth
Who do I contact to request a refund for the difference if my item drops in price?,Please contact our customer support team with your order details to request the price adjustment.,"If a product you purchased goes on sale within 7 days of your purchase, we offer a one-time price adjustment. Please contact our customer support team with your order details to request the adjustment.",a5GtrKth
Do you offer a loyalty program for customers?,"Yes, we have a loyalty program where you can earn points for every purchase and redeem them for discounts on future orders. Please visit our website to learn more and join the program.","Yes, we have a loyalty program where you can earn points for every purchase. These points can be redeemed for discounts on future orders. Please visit our website to learn more and join the program.",2YfiKrhi
How does your points rewards program work?,"Yes, we have a loyalty program where you can earn points for every purchase. These points can be redeemed for discounts on future orders. Please visit our website to learn more and join the program.","Yes, we have a loyalty program where you can earn points for every purchase. These points can be redeemed for discounts on future orders. Please visit our website to learn more and join the program.",2YfiKrhi
Can I earn points when I place an order with you?,"Yes, you can earn points for every purchase through our loyalty program. The points can be redeemed for discounts on future orders.","Yes, we have a loyalty program where you can earn points for every purchase. These points can be redeemed for discounts on future orders. Please visit our website to learn more and join the program.",2YfiKrhi
What can I use my loyalty points for?,You can redeem your loyalty points for discounts on future orders.,"Yes, we have a loyalty program where you can earn points for every purchase. These points can be redeemed for discounts on future orders. Please visit our website to learn more and join the program.",2YfiKrhi
Where do I sign up for your customer rewards program?,Please visit our website to learn more and join the loyalty program.,"Yes, we have a loyalty program where you can earn points for every purchase. These points can be redeemed for discounts on future orders. Please visit our website to learn more and join the program.",2YfiKrhi
"Do I have to make an account before I can place an order, or is guest checkout allowed?","Yes, guest checkout is allowed. You can place an order without creating an account, though making one gives you benefits like order tracking and easier future purchases.","Yes, you can place an order as a guest without creating an account. However, creating an account offers benefits such as order tracking and easier future purchases.",7VOpywBa
Can I buy as a guest without registering first?,"Yes, you can place an order as a guest without creating an account.","Yes, you can place an order as a guest without creating an account. However, creating an account offers benefits such as order tracking and easier future purchases.",7VOpywBa
Is an account required to order from your store?,No. You can place an order as a guest without creating an account. Creating an account is optional and provides benefits like order tracking and easier future purchases.,"Yes, you can place an order as a guest without creating an account. However, creating an account offers benefits such as order tracking and easier future purchases.",7VOpywBa
What are the benefits of creating an account instead of checking out as a guest?,Creating an account offers benefits such as **order tracking** and **easier future purchases**.,"Yes, you can place an order as a guest without creating an account. However, creating an account offers benefits such as order tracking and easier future purchases.",7VOpywBa
"If I order without an account, will I still be able to track my order easily?","You can order as a guest without creating an account, but tracking is easier with an account. Order tracking is available through the **Order History** section after logging in. Without an account, it may not be as easy to track.","Yes, you can place an order as a guest without creating an account. However, creating an account offers benefits such as order tracking and easier future purchases.",7VOpywBa
Do you give bulk or wholesale discounts on any of your products?,"Yes, we offer bulk or wholesale discounts for certain products. Please contact our customer support team or visit our Wholesale page for more information and to discuss your specific requirements.","Yes, we offer bulk or wholesale discounts for certain products. Please contact our customer support team or visit our Wholesale page for more information and to discuss your specific requirements.",kZytRxiL
How can I find out if a product qualifies for wholesale pricing?,"Yes, some products qualify for wholesale discounts. To find out if a specific product qualifies, contact our customer support team or visit our Wholesale page to discuss your requirements.","Yes, we offer bulk or wholesale discounts for certain products. Please contact our customer support team or visit our Wholesale page for more information and to discuss your specific requirements.",kZytRxiL
Who should I contact to ask about bulk order discounts?,Please contact our customer support team or visit our Wholesale page for more information about bulk order discounts.,"Yes, we offer bulk or wholesale discounts for certain products. Please contact our customer support team or visit our Wholesale page for more information and to discuss your specific requirements.",kZytRxiL
Is there a wholesale page where I can see discount details and requirements?,Yes. The context says you can visit the **Wholesale page** for more information and to discuss your specific requirements.,"Yes, we offer bulk or wholesale discounts for certain products. Please contact our customer support team or visit our Wholesale page for more information and to discuss your specific requirements.",kZytRxiL
Can you help me with pricing for a large order?,I don't know.,"Yes, we offer bulk or wholesale discounts for certain products. Please contact our customer support team or visit our Wholesale page for more information and to discuss your specific requirements.",kZytRxiL
How can I change or cancel an item after placing my order?,Please contact our customer support team as soon as possible. They will assist you with changing or canceling the item and let you know the necessary steps.,"If you need to change or cancel an item in your order, please contact our customer support team as soon as possible. We will assist you with the necessary steps.",ztV57ROG
Who should I contact if I want to cancel part of my order?,"Please contact our customer support team as soon as possible, and they will assist you with cancelling part of your order.","If you need to change or cancel an item in your order, please contact our customer support team as soon as possible. We will assist you with the necessary steps.",ztV57ROG
Is it possible to edit an item in my order after checkout?,"If you need to change or cancel an item in your order, please contact our customer support team as soon as possible. They will assist you with the necessary steps.","If you need to change or cancel an item in your order, please contact our customer support team as soon as possible. We will assist you with the necessary steps.",ztV57ROG
What should I do if I need to cancel something from my order right away?,Please contact our customer support team as soon as possible with your order details. They’ll help you change or cancel the item right away.,"If you need to change or cancel an item in your order, please contact our customer support team as soon as possible. We will assist you with the necessary steps.",ztV57ROG
Can customer support help me make changes to an order I already placed?,"Yes. If you need to change or cancel an item in your order, please contact customer support as soon as possible, and they will assist you with the necessary steps.","If you need to change or cancel an item in your order, please contact our customer support team as soon as possible. We will assist you with the necessary steps.",ztV57ROG
Where do I go on the site if I want to write a review for something I bought?,Go to the product page on the website and click the **“Write a Review”** button.,"To leave a product review, navigate to the product page on our website and click on the 'Write a Review' button. You can share your feedback and rating based on your experience with the product.",4riZFS2i
How do I submit feedback and a rating for a product on your website?,"To submit feedback and a rating for a product, go to the product page on our website and click the **“Write a Review”** button. There, you can share your feedback and rating based on your experience with the product.","To leave a product review, navigate to the product page on our website and click on the 'Write a Review' button. You can share your feedback and rating based on your experience with the product.",4riZFS2i
Is there a button I need to click to leave a review on the product page?,"Yes. To leave a review, go to the product page and click the **“Write a Review”** button.","To leave a product review, navigate to the product page on our website and click on the 'Write a Review' button. You can share your feedback and rating based on your experience with the product.",4riZFS2i
"Can I review a product directly from its page, and if so, how?","Yes. To leave a review, go to the product page and click the **“Write a Review”** button. You can then share your feedback and rating based on your experience.","To leave a product review, navigate to the product page on our website and click on the 'Write a Review' button. You can share your feedback and rating based on your experience with the product.",4riZFS2i
What’s the easiest way to share my experience with a product and give it a rating?,"To share your experience and give a rating, go to the product page on the website and click **“Write a Review.”**","To leave a product review, navigate to the product page on our website and click on the 'Write a Review' button. You can share your feedback and rating based on your experience with the product.",4riZFS2i
